,Innings 1 Team 1 Runs,Innings 1 Team 2 Runs,Innings 2 Team 1 Runs,Innings 2 Team 2 Runs,Game Type,Innings 1 Runs,Innings 2 Runs,Team 1 Runs,Team 2 Runs,Total Runs,cluster2
3,242,147.0,238.0,159.0,Low Scoring Game,389.0,397.0,480.0,306.0,786.0,0
4,263,390.0,173.0,48.0,2nd Innings Higher Scoring,653.0,221.0,436.0,438.0,874.0,1
7,95,176.0,93.0,14.0,2nd Innings Higher Scoring,271.0,107.0,188.0,190.0,378.0,0
8,245,111.0,175.0,65.0,2nd Innings Higher Scoring,356.0,240.0,420.0,176.0,596.0,0
10,112,61.0,353.0,175.0,High Scoring Games,173.0,528.0,465.0,236.0,701.0,0
11,388,321.0,247.0,315.0,Team 2 Dominates,709.0,562.0,635.0,636.0,1271.0,3
12,317,299.0,99.0,121.0,2nd Innings Higher Scoring,616.0,220.0,416.0,420.0,836.0,0
13,144,189.0,255.0,178.0,2nd Innings Higher Scoring,333.0,433.0,399.0,367.0,766.0,0
16,194,145.0,289.0,195.0,High Scoring Games,339.0,484.0,483.0,340.0,823.0,0
17,299,262.0,86.0,120.0,2nd Innings Higher Scoring,561.0,206.0,385.0,382.0,767.0,0
18,324,183.0,121.0,263.0,Low Scoring Game,507.0,384.0,445.0,446.0,891.0,0
19,454,296.0,101.0,372.0,Team 2 Dominates,750.0,473.0,555.0,668.0,1223.0,3
20,175,240.0,309.0,85.0,2nd Innings Higher Scoring,415.0,394.0,484.0,325.0,809.0,0
21,252,85.0,59.0,225.0,Low Scoring Game,337.0,284.0,311.0,310.0,621.0,0
22,285,577.0,485.0,194.0,Team 1 Dominates,862.0,679.0,770.0,771.0,1541.0,3
23,315,122.0,103.0,111.0,Low Scoring Game,437.0,214.0,418.0,233.0,651.0,0
24,388,245.0,351.0,278.0,High Scoring Games,633.0,629.0,739.0,523.0,1262.0,2
25,249,131.0,210.0,171.0,Low Scoring Game,380.0,381.0,459.0,302.0,761.0,0
26,247,61.0,133.0,101.0,Low Scoring Game,308.0,234.0,380.0,162.0,542.0,0
27,196,221.0,426.0,188.0,High Scoring Games,417.0,614.0,622.0,409.0,1031.0,2
29,301,195.0,295.0,224.0,Low Scoring Game,496.0,519.0,596.0,419.0,1015.0,2
31,430,363.0,261.0,124.0,Team 1 Dominates,793.0,385.0,691.0,487.0,1178.0,1
32,184,91.0,190.0,287.0,Low Scoring Game,275.0,477.0,374.0,378.0,752.0,0
33,148,277.0,160.0,33.0,2nd Innings Higher Scoring,425.0,193.0,308.0,310.0,618.0,0
34,385,295.0,349.0,196.0,High Scoring Games,680.0,545.0,734.0,491.0,1225.0,2
35,218,198.0,138.0,160.0,2nd Innings Higher Scoring,416.0,298.0,356.0,358.0,714.0,0
38,76,110.0,162.0,75.0,2nd Innings Higher Scoring,186.0,237.0,238.0,185.0,423.0,0
39,295,178.0,138.0,159.0,Low Scoring Game,473.0,297.0,433.0,337.0,770.0,0
40,273,300.0,300.0,275.0,High Scoring Games,573.0,575.0,573.0,575.0,1148.0,2
41,266,382.0,397.0,282.0,High Scoring Games,648.0,679.0,663.0,664.0,1327.0,2
42,285,363.0,506.0,183.0,High Scoring Games,648.0,689.0,791.0,546.0,1337.0,2
43,214,105.0,385.0,186.0,High Scoring Games,319.0,571.0,599.0,291.0,890.0,0
44,137,281.0,422.0,229.0,High Scoring Games,418.0,651.0,559.0,510.0,1069.0,2
45,74,121.0,151.0,105.0,2nd Innings Higher Scoring,195.0,256.0,225.0,226.0,451.0,0
46,269,350.0,121.0,41.0,2nd Innings Higher Scoring,619.0,162.0,390.0,391.0,781.0,0
47,188,182.0,207.0,87.0,2nd Innings Higher Scoring,370.0,294.0,395.0,269.0,664.0,0
48,147,119.0,279.0,108.0,2nd Innings Higher Scoring,266.0,387.0,426.0,227.0,653.0,0
49,325,352.0,339.0,104.0,Team 1 Dominates,677.0,443.0,664.0,456.0,1120.0,1
50,208,310.0,345.0,224.0,High Scoring Games,518.0,569.0,553.0,534.0,1087.0,2
51,199,199.0,347.0,252.0,High Scoring Games,398.0,599.0,546.0,451.0,997.0,2
52,305,322.0,237.0,221.0,Low Scoring Game,627.0,458.0,542.0,543.0,1085.0,1
53,203,207.0,178.0,175.0,2nd Innings Higher Scoring,410.0,353.0,381.0,382.0,763.0,0
54,417,103.0,16.0,327.0,Low Scoring Game,520.0,343.0,433.0,430.0,863.0,0
56,348,506.0,327.0,80.0,Team 1 Dominates,854.0,407.0,675.0,586.0,1261.0,3
57,482,465.0,360.0,339.0,Team 2 Dominates,947.0,699.0,842.0,804.0,1646.0,3
58,328,205.0,578.0,171.0,High Scoring Games,533.0,749.0,906.0,376.0,1282.0,2
59,364,160.0,198.0,401.0,Low Scoring Game,524.0,599.0,562.0,561.0,1123.0,2
60,447,318.0,308.0,291.0,Team 2 Dominates,765.0,599.0,755.0,609.0,1364.0,3
61,184,265.0,299.0,219.0,High Scoring Games,449.0,518.0,483.0,484.0,967.0,2
62,133,501.0,476.0,112.0,Team 1 Dominates,634.0,588.0,609.0,613.0,1222.0,2
64,324,176.0,214.0,292.0,Low Scoring Game,500.0,506.0,538.0,468.0,1006.0,2
67,238,151.0,308.0,304.0,High Scoring Games,389.0,612.0,546.0,455.0,1001.0,2
68,170,163.0,305.0,154.0,2nd Innings Higher Scoring,333.0,459.0,475.0,317.0,792.0,0
69,193,411.0,228.0,11.0,Team 1 Dominates,604.0,239.0,421.0,422.0,843.0,0
70,267,190.0,581.0,281.0,High Scoring Games,457.0,862.0,848.0,471.0,1319.0,2
72,354,447.0,582.0,370.0,High Scoring Games,801.0,952.0,936.0,817.0,1753.0,3
73,284,389.0,315.0,211.0,Team 1 Dominates,673.0,526.0,599.0,600.0,1199.0,2
74,204,392.0,280.0,93.0,Team 1 Dominates,596.0,373.0,484.0,485.0,969.0,1
75,112,232.0,147.0,30.0,2nd Innings Higher Scoring,344.0,177.0,259.0,262.0,521.0,0
76,187,342.0,283.0,131.0,2nd Innings Higher Scoring,529.0,414.0,470.0,473.0,943.0,0
77,407,259.0,273.0,202.0,Low Scoring Game,666.0,475.0,680.0,461.0,1141.0,1
80,299,232.0,324.0,184.0,High Scoring Games,531.0,508.0,623.0,416.0,1039.0,2
81,450,243.0,7.0,472.0,Team 2 Dominates,693.0,479.0,457.0,715.0,1172.0,1
82,180,396.0,216.0,1.0,2nd Innings Higher Scoring,576.0,217.0,396.0,397.0,793.0,0
83,148,182.0,420.0,218.0,High Scoring Games,330.0,638.0,568.0,400.0,968.0,2
84,113,183.0,242.0,173.0,2nd Innings Higher Scoring,296.0,415.0,355.0,356.0,711.0,0
86,244,295.0,376.0,247.0,High Scoring Games,539.0,623.0,620.0,542.0,1162.0,2
87,281,179.0,241.0,234.0,Low Scoring Game,460.0,475.0,522.0,413.0,935.0,0
90,396,132.0,60.0,323.0,Low Scoring Game,528.0,383.0,456.0,455.0,911.0,0
93,450,298.0,452.0,411.0,High Scoring Games,748.0,863.0,902.0,709.0,1611.0,3
94,600,479.0,250.0,290.0,Team 2 Dominates,1079.0,540.0,850.0,769.0,1619.0,3
95,489,365.0,250.0,363.0,Team 2 Dominates,854.0,613.0,739.0,728.0,1467.0,3
97,295,167.0,325.0,146.0,High Scoring Games,462.0,471.0,620.0,313.0,933.0,0
102,280,302.0,436.0,125.0,High Scoring Games,582.0,561.0,716.0,427.0,1143.0,2
103,196,313.0,170.0,57.0,2nd Innings Higher Scoring,509.0,227.0,366.0,370.0,736.0,0
104,133,250.0,428.0,224.0,High Scoring Games,383.0,652.0,561.0,474.0,1035.0,2
105,246,430.0,464.0,132.0,Team 1 Dominates,676.0,596.0,710.0,562.0,1272.0,2
106,265,328.0,215.0,156.0,2nd Innings Higher Scoring,593.0,371.0,480.0,484.0,964.0,1
107,282,332.0,118.0,69.0,2nd Innings Higher Scoring,614.0,187.0,400.0,401.0,801.0,0
111,521,122.0,342.0,66.0,Low Scoring Game,643.0,408.0,863.0,188.0,1051.0,1
112,253,636.0,397.0,16.0,Team 1 Dominates,889.0,413.0,650.0,652.0,1302.0,3
113,397,417.0,351.0,332.0,Team 2 Dominates,814.0,683.0,748.0,749.0,1497.0,3
114,334,369.0,383.0,336.0,High Scoring Games,703.0,719.0,717.0,705.0,1422.0,3
115,519,491.0,257.0,287.0,Team 2 Dominates,1010.0,544.0,776.0,778.0,1554.0,3
116,245,250.0,308.0,171.0,High Scoring Games,495.0,479.0,553.0,421.0,974.0,2
117,302,322.0,312.0,90.0,Team 1 Dominates,624.0,402.0,614.0,412.0,1026.0,1
118,236,328.0,275.0,186.0,2nd Innings Higher Scoring,564.0,461.0,511.0,514.0,1025.0,1
121,112,181.0,131.0,66.0,2nd Innings Higher Scoring,293.0,197.0,243.0,247.0,490.0,0
122,440,320.0,164.0,107.0,Team 2 Dominates,760.0,271.0,604.0,427.0,1031.0,1
125,369,467.0,384.0,167.0,Team 1 Dominates,836.0,551.0,753.0,634.0,1387.0,3
126,208,254.0,425.0,212.0,High Scoring Games,462.0,637.0,633.0,466.0,1099.0,2
127,471,145.0,290.0,327.0,Low Scoring Game,616.0,617.0,761.0,472.0,1233.0,2
128,849,286.0,272.0,408.0,Team 2 Dominates,1135.0,680.0,1121.0,694.0,1815.0,3
129,270,144.0,302.0,335.0,High Scoring Games,414.0,637.0,572.0,479.0,1051.0,2
130,425,729.0,375.0,72.0,Team 1 Dominates,1154.0,447.0,800.0,801.0,1601.0,3
134,296,376.0,249.0,172.0,Team 1 Dominates,672.0,421.0,545.0,548.0,1093.0,1
138,350,224.0,124.0,220.0,Low Scoring Game,574.0,344.0,474.0,444.0,918.0,1
139,126,193.0,306.0,211.0,High Scoring Games,319.0,517.0,432.0,404.0,836.0,0
142,442,295.0,169.0,280.0,Team 2 Dominates,737.0,449.0,611.0,575.0,1186.0,1
143,252,230.0,219.0,72.0,2nd Innings Higher Scoring,482.0,291.0,471.0,302.0,773.0,0
144,224,454.0,469.0,146.0,Team 1 Dominates,678.0,615.0,693.0,600.0,1293.0,2
149,198,358.0,554.0,225.0,High Scoring Games,556.0,779.0,752.0,583.0,1335.0,2
150,308,513.0,274.0,73.0,Team 1 Dominates,821.0,347.0,582.0,586.0,1168.0,1
153,364,410.0,193.0,150.0,Team 1 Dominates,774.0,343.0,557.0,560.0,1117.0,1
154,259,189.0,275.0,187.0,Low Scoring Game,448.0,462.0,534.0,376.0,910.0,0
155,360,524.0,164.0,1.0,Team 1 Dominates,884.0,165.0,524.0,525.0,1049.0,1
156,228,169.0,191.0,139.0,2nd Innings Higher Scoring,397.0,330.0,419.0,308.0,727.0,0
157,341,222.0,412.0,193.0,High Scoring Games,563.0,605.0,753.0,415.0,1168.0,2
158,340,356.0,175.0,162.0,Team 1 Dominates,696.0,337.0,515.0,518.0,1033.0,1
159,435,454.0,182.0,168.0,Team 2 Dominates,889.0,350.0,617.0,622.0,1239.0,3
165,219,438.0,258.0,40.0,Team 1 Dominates,657.0,298.0,477.0,478.0,955.0,1
166,403,247.0,7.0,237.0,Low Scoring Game,650.0,244.0,410.0,484.0,894.0,1
167,335,145.0,261.0,249.0,Low Scoring Game,480.0,510.0,596.0,394.0,990.0,2
168,374,268.0,273.0,141.0,Low Scoring Game,642.0,414.0,647.0,409.0,1056.0,1
170,627,491.0,123.0,66.0,Team 2 Dominates,1118.0,189.0,750.0,557.0,1307.0,3
172,701,321.0,327.0,145.0,Team 2 Dominates,1022.0,472.0,1028.0,466.0,1494.0,3
173,102,81.0,51.0,75.0,2nd Innings Higher Scoring,183.0,126.0,153.0,156.0,309.0,0
174,302,258.0,280.0,107.0,2nd Innings Higher Scoring,560.0,387.0,582.0,365.0,947.0,1
175,226,184.0,160.0,104.0,2nd Innings Higher Scoring,410.0,264.0,386.0,288.0,674.0,0
178,228,198.0,278.0,151.0,2nd Innings Higher Scoring,426.0,429.0,506.0,349.0,855.0,0
179,216,171.0,294.0,194.0,High Scoring Games,387.0,488.0,510.0,365.0,875.0,0
180,357,318.0,231.0,169.0,Low Scoring Game,675.0,400.0,588.0,487.0,1075.0,1
182,248,429.0,282.0,102.0,Team 1 Dominates,677.0,384.0,530.0,531.0,1061.0,1
183,157,250.0,491.0,274.0,High Scoring Games,407.0,765.0,648.0,524.0,1172.0,2
187,147,134.0,93.0,108.0,2nd Innings Higher Scoring,281.0,201.0,240.0,242.0,482.0,0
189,471,222.0,64.0,312.0,Team 2 Dominates,693.0,376.0,535.0,534.0,1069.0,1
190,358,234.0,256.0,58.0,2nd Innings Higher Scoring,592.0,314.0,614.0,292.0,906.0,1
192,200,76.0,564.0,323.0,High Scoring Games,276.0,887.0,764.0,399.0,1163.0,2
193,288,330.0,433.0,243.0,High Scoring Games,618.0,676.0,721.0,573.0,1294.0,2
195,424,295.0,226.0,175.0,Team 2 Dominates,719.0,401.0,650.0,470.0,1120.0,1
196,358,281.0,187.0,134.0,Low Scoring Game,639.0,321.0,545.0,415.0,960.0,1
197,249,254.0,187.0,31.0,2nd Innings Higher Scoring,503.0,218.0,436.0,285.0,721.0,0
199,494,422.0,242.0,204.0,Team 2 Dominates,916.0,446.0,736.0,626.0,1362.0,3
200,223,242.0,123.0,107.0,2nd Innings Higher Scoring,465.0,230.0,346.0,349.0,695.0,0
202,422,390.0,291.0,108.0,Team 1 Dominates,812.0,399.0,713.0,498.0,1211.0,3
206,530,316.0,481.0,654.0,Team 2 Dominates,846.0,1135.0,1011.0,970.0,1981.0,3
207,277,404.0,225.0,100.0,Team 1 Dominates,681.0,325.0,502.0,504.0,1006.0,1
208,164,133.0,128.0,43.0,2nd Innings Higher Scoring,297.0,171.0,292.0,176.0,468.0,0
211,200,428.0,275.0,48.0,Team 1 Dominates,628.0,323.0,475.0,476.0,951.0,1
212,294,170.0,153.0,152.0,Low Scoring Game,464.0,305.0,447.0,322.0,769.0,0
216,365,351.0,536.0,310.0,High Scoring Games,716.0,846.0,901.0,661.0,1562.0,3
217,460,487.0,340.0,215.0,Team 1 Dominates,947.0,555.0,800.0,702.0,1502.0,3
218,280,253.0,186.0,214.0,Low Scoring Game,533.0,400.0,466.0,467.0,933.0,0
220,533,208.0,166.0,551.0,Team 2 Dominates,741.0,717.0,699.0,759.0,1458.0,3
221,554,327.0,26.0,252.0,Team 2 Dominates,881.0,278.0,580.0,579.0,1159.0,1
222,339,478.0,267.0,130.0,Team 1 Dominates,817.0,397.0,606.0,608.0,1214.0,3
223,175,317.0,184.0,47.0,2nd Innings Higher Scoring,492.0,231.0,359.0,364.0,723.0,0
224,427,302.0,325.0,423.0,Team 2 Dominates,729.0,748.0,752.0,725.0,1477.0,3
227,394,291.0,255.0,125.0,Low Scoring Game,685.0,380.0,649.0,416.0,1065.0,1
230,296,253.0,351.0,86.0,High Scoring Games,549.0,437.0,647.0,339.0,986.0,1
231,362,497.0,275.0,72.0,Team 1 Dominates,859.0,347.0,637.0,569.0,1206.0,1
232,297,111.0,78.0,263.0,Low Scoring Game,408.0,341.0,375.0,374.0,749.0,0
233,227,490.0,336.0,76.0,Team 1 Dominates,717.0,412.0,563.0,566.0,1129.0,1
234,165,509.0,441.0,98.0,Team 1 Dominates,674.0,539.0,606.0,607.0,1213.0,2
235,350,215.0,460.0,186.0,High Scoring Games,565.0,646.0,810.0,401.0,1211.0,2
236,363,221.0,174.0,92.0,Low Scoring Game,584.0,266.0,537.0,313.0,850.0,0
237,496,458.0,365.0,404.0,Team 2 Dominates,954.0,769.0,861.0,862.0,1723.0,3
241,366,272.0,336.0,325.0,High Scoring Games,638.0,661.0,702.0,597.0,1299.0,2
243,286,193.0,267.0,355.0,Low Scoring Game,479.0,622.0,553.0,548.0,1101.0,2
244,161,253.0,219.0,128.0,2nd Innings Higher Scoring,414.0,347.0,380.0,381.0,761.0,0
246,308,356.0,276.0,142.0,Team 1 Dominates,664.0,418.0,584.0,498.0,1082.0,1
247,379,257.0,253.0,194.0,Low Scoring Game,636.0,447.0,632.0,451.0,1083.0,1
248,379,395.0,187.0,174.0,Team 1 Dominates,774.0,361.0,566.0,569.0,1135.0,1
249,372,341.0,267.0,195.0,Team 2 Dominates,713.0,462.0,639.0,536.0,1175.0,1
254,526,278.0,87.0,333.0,Team 2 Dominates,804.0,420.0,613.0,611.0,1224.0,3
255,311,75.0,99.0,336.0,Low Scoring Game,386.0,435.0,410.0,411.0,821.0,0
258,312,215.0,288.0,183.0,Low Scoring Game,527.0,471.0,600.0,398.0,998.0,2
259,326,151.0,425.0,274.0,High Scoring Games,477.0,699.0,751.0,425.0,1176.0,2
260,223,558.0,436.0,103.0,Team 1 Dominates,781.0,539.0,659.0,661.0,1320.0,3
262,228,68.0,32.0,122.0,Low Scoring Game,296.0,154.0,260.0,190.0,450.0,0
263,194,197.0,181.0,150.0,2nd Innings Higher Scoring,391.0,331.0,375.0,347.0,722.0,0
265,371,272.0,403.0,228.0,High Scoring Games,643.0,631.0,774.0,500.0,1274.0,2
266,217,320.0,197.0,95.0,2nd Innings Higher Scoring,537.0,292.0,414.0,415.0,829.0,0
268,125,227.0,189.0,91.0,2nd Innings Higher Scoring,352.0,280.0,314.0,318.0,632.0,0
269,483,419.0,121.0,114.0,Team 2 Dominates,902.0,235.0,604.0,533.0,1137.0,1
270,311,115.0,16.0,211.0,Low Scoring Game,426.0,227.0,327.0,326.0,653.0,0
271,158,211.0,191.0,142.0,2nd Innings Higher Scoring,369.0,333.0,349.0,353.0,702.0,0
273,202,194.0,154.0,164.0,2nd Innings Higher Scoring,396.0,318.0,356.0,358.0,714.0,0
275,485,456.0,208.0,55.0,Team 1 Dominates,941.0,263.0,693.0,511.0,1204.0,3
276,342,344.0,252.0,103.0,Team 1 Dominates,686.0,355.0,594.0,447.0,1041.0,1
277,121,203.0,157.0,76.0,2nd Innings Higher Scoring,324.0,233.0,278.0,279.0,557.0,0
279,216,226.0,245.0,236.0,Low Scoring Game,442.0,481.0,461.0,462.0,923.0,0
280,362,517.0,290.0,137.0,Team 1 Dominates,879.0,427.0,652.0,654.0,1306.0,3
281,82,105.0,255.0,233.0,2nd Innings Higher Scoring,187.0,488.0,337.0,338.0,675.0,0
282,272,216.0,203.0,260.0,Low Scoring Game,488.0,463.0,475.0,476.0,951.0,0
283,116,78.0,377.0,213.0,High Scoring Games,194.0,590.0,493.0,291.0,784.0,0
284,236,287.0,189.0,142.0,2nd Innings Higher Scoring,523.0,331.0,425.0,429.0,854.0,0
286,293,334.0,165.0,128.0,2nd Innings Higher Scoring,627.0,293.0,458.0,462.0,920.0,1
287,235,537.0,378.0,79.0,Team 1 Dominates,772.0,457.0,613.0,616.0,1229.0,3
292,186,387.0,242.0,45.0,2nd Innings Higher Scoring,573.0,287.0,428.0,432.0,860.0,0
294,257,397.0,236.0,28.0,Team 1 Dominates,654.0,264.0,493.0,425.0,918.0,1
295,280,221.0,277.0,240.0,Low Scoring Game,501.0,517.0,557.0,461.0,1018.0,2
296,227,243.0,388.0,290.0,High Scoring Games,470.0,678.0,615.0,533.0,1148.0,2
298,530,387.0,233.0,177.0,Team 2 Dominates,917.0,410.0,763.0,564.0,1327.0,3
299,520,435.0,209.0,297.0,Team 2 Dominates,955.0,506.0,729.0,732.0,1461.0,3
300,417,438.0,294.0,142.0,Team 1 Dominates,855.0,436.0,711.0,580.0,1291.0,3
301,296,253.0,228.0,129.0,2nd Innings Higher Scoring,549.0,357.0,524.0,382.0,906.0,0
302,279,315.0,362.0,192.0,High Scoring Games,594.0,554.0,641.0,507.0,1148.0,2
304,312,576.0,444.0,92.0,Team 1 Dominates,888.0,536.0,756.0,668.0,1424.0,3
306,377,245.0,200.0,31.0,2nd Innings Higher Scoring,622.0,231.0,577.0,276.0,853.0,0
307,249,144.0,123.0,120.0,2nd Innings Higher Scoring,393.0,243.0,372.0,264.0,636.0,0
308,346,372.0,368.0,282.0,High Scoring Games,718.0,650.0,714.0,654.0,1368.0,3
310,167,266.0,275.0,147.0,2nd Innings Higher Scoring,433.0,422.0,442.0,413.0,855.0,0
311,275,306.0,162.0,132.0,2nd Innings Higher Scoring,581.0,294.0,437.0,438.0,875.0,0
313,271,187.0,148.0,100.0,2nd Innings Higher Scoring,458.0,248.0,419.0,287.0,706.0,0
315,243,79.0,25.0,188.0,Low Scoring Game,322.0,213.0,268.0,267.0,535.0,0
316,226,237.0,222.0,215.0,Low Scoring Game,463.0,437.0,448.0,452.0,900.0,0
317,417,170.0,209.0,316.0,Low Scoring Game,587.0,525.0,626.0,486.0,1112.0,2
318,383,181.0,292.0,313.0,Low Scoring Game,564.0,605.0,675.0,494.0,1169.0,2
319,435,251.0,75.0,256.0,Team 2 Dominates,686.0,331.0,510.0,507.0,1017.0,1
320,681,537.0,212.0,98.0,Team 2 Dominates,1218.0,310.0,893.0,635.0,1528.0,3
321,139,414.0,346.0,72.0,Team 1 Dominates,553.0,418.0,485.0,486.0,971.0,1
325,133,130.0,164.0,143.0,2nd Innings Higher Scoring,263.0,307.0,297.0,273.0,570.0,0
327,154,228.0,296.0,184.0,2nd Innings Higher Scoring,382.0,480.0,450.0,412.0,862.0,0
328,191,231.0,279.0,111.0,2nd Innings Higher Scoring,422.0,390.0,470.0,342.0,812.0,0
329,323,341.0,111.0,97.0,2nd Innings Higher Scoring,664.0,208.0,434.0,438.0,872.0,1
331,257,148.0,158.0,147.0,Low Scoring Game,405.0,305.0,415.0,295.0,710.0,0
333,328,251.0,136.0,74.0,2nd Innings Higher Scoring,579.0,210.0,464.0,325.0,789.0,0
334,188,245.0,182.0,23.0,2nd Innings Higher Scoring,433.0,205.0,370.0,268.0,638.0,0
335,162,145.0,241.0,69.0,2nd Innings Higher Scoring,307.0,310.0,403.0,214.0,617.0,0
336,125,209.0,132.0,49.0,2nd Innings Higher Scoring,334.0,181.0,257.0,258.0,515.0,0
338,515,259.0,20.0,275.0,Team 2 Dominates,774.0,295.0,535.0,534.0,1069.0,1
340,182,257.0,207.0,133.0,2nd Innings Higher Scoring,439.0,340.0,389.0,390.0,779.0,0
341,668,510.0,249.0,234.0,Team 2 Dominates,1178.0,483.0,917.0,744.0,1661.0,3
344,133,304.0,353.0,111.0,2nd Innings Higher Scoring,437.0,464.0,486.0,415.0,901.0,0
345,284,521.0,381.0,145.0,Team 1 Dominates,805.0,526.0,665.0,666.0,1331.0,3
346,171,191.0,500.0,256.0,High Scoring Games,362.0,756.0,671.0,447.0,1118.0,2
347,151,112.0,204.0,151.0,2nd Innings Higher Scoring,263.0,355.0,355.0,263.0,618.0,0
349,348,561.0,328.0,117.0,Team 1 Dominates,909.0,445.0,676.0,678.0,1354.0,3
354,132,336.0,438.0,75.0,High Scoring Games,468.0,513.0,570.0,411.0,981.0,2
358,404,208.0,13.0,208.0,Low Scoring Game,612.0,221.0,417.0,416.0,833.0,0
359,255,145.0,157.0,77.0,2nd Innings Higher Scoring,400.0,234.0,412.0,222.0,634.0,0
360,217,148.0,188.0,120.0,2nd Innings Higher Scoring,365.0,308.0,405.0,268.0,673.0,0
361,285,171.0,257.0,186.0,Low Scoring Game,456.0,443.0,542.0,357.0,899.0,0
364,247,202.0,182.0,27.0,2nd Innings Higher Scoring,449.0,209.0,429.0,229.0,658.0,0
365,80,199.0,187.0,69.0,2nd Innings Higher Scoring,279.0,256.0,267.0,268.0,535.0,0
368,177,136.0,189.0,136.0,2nd Innings Higher Scoring,313.0,325.0,366.0,272.0,638.0,0
369,268,215.0,150.0,72.0,2nd Innings Higher Scoring,483.0,222.0,418.0,287.0,705.0,0
370,369,205.0,220.0,72.0,Low Scoring Game,574.0,292.0,589.0,277.0,866.0,0
371,218,283.0,254.0,142.0,2nd Innings Higher Scoring,501.0,396.0,472.0,425.0,897.0,0
372,340,251.0,142.0,214.0,Low Scoring Game,591.0,356.0,482.0,465.0,947.0,1
373,164,110.0,134.0,130.0,2nd Innings Higher Scoring,274.0,264.0,298.0,240.0,538.0,0
374,186,474.0,583.0,72.0,Team 1 Dominates,660.0,655.0,769.0,546.0,1315.0,2
376,619,372.0,64.0,367.0,Team 2 Dominates,991.0,431.0,683.0,739.0,1422.0,3
379,470,368.0,201.0,162.0,Team 2 Dominates,838.0,363.0,671.0,530.0,1201.0,1
382,401,203.0,1.0,198.0,Low Scoring Game,604.0,199.0,402.0,401.0,803.0,0
383,214,291.0,144.0,68.0,2nd Innings Higher Scoring,505.0,212.0,358.0,359.0,717.0,0
384,579,106.0,28.0,657.0,Team 2 Dominates,685.0,685.0,607.0,763.0,1370.0,3
385,325,282.0,312.0,235.0,High Scoring Games,607.0,547.0,637.0,517.0,1154.0,2
387,408,410.0,318.0,317.0,Team 2 Dominates,818.0,635.0,726.0,727.0,1453.0,3
389,221,94.0,215.0,137.0,Low Scoring Game,315.0,352.0,436.0,231.0,667.0,0
394,227,152.0,323.0,289.0,High Scoring Games,379.0,612.0,550.0,441.0,991.0,2
395,222,222.0,443.0,240.0,High Scoring Games,444.0,683.0,665.0,462.0,1127.0,2
397,500,222.0,168.0,151.0,Team 2 Dominates,722.0,319.0,668.0,373.0,1041.0,1
399,134,186.0,198.0,147.0,2nd Innings Higher Scoring,320.0,345.0,332.0,333.0,665.0,0
400,259,308.0,87.0,42.0,2nd Innings Higher Scoring,567.0,129.0,346.0,350.0,696.0,0
401,219,357.0,287.0,54.0,2nd Innings Higher Scoring,576.0,341.0,506.0,411.0,917.0,1
402,476,240.0,36.0,270.0,Team 2 Dominates,716.0,306.0,512.0,510.0,1022.0,1
403,205,351.0,214.0,69.0,2nd Innings Higher Scoring,556.0,283.0,419.0,420.0,839.0,0
404,146,304.0,245.0,88.0,2nd Innings Higher Scoring,450.0,333.0,391.0,392.0,783.0,0
405,145,76.0,144.0,172.0,2nd Innings Higher Scoring,221.0,316.0,289.0,248.0,537.0,0
410,168,226.0,165.0,108.0,2nd Innings Higher Scoring,394.0,273.0,333.0,334.0,667.0,0
412,490,208.0,265.0,376.0,Team 2 Dominates,698.0,641.0,755.0,584.0,1339.0,3
414,200,225.0,134.0,112.0,2nd Innings Higher Scoring,425.0,246.0,334.0,337.0,671.0,0
415,146,391.0,366.0,123.0,Team 1 Dominates,537.0,489.0,512.0,514.0,1026.0,2
416,287,257.0,194.0,83.0,2nd Innings Higher Scoring,544.0,277.0,481.0,340.0,821.0,0
418,152,219.0,291.0,105.0,2nd Innings Higher Scoring,371.0,396.0,443.0,324.0,767.0,0
419,289,387.0,226.0,34.0,Team 1 Dominates,676.0,260.0,515.0,421.0,936.0,1
421,194,331.0,339.0,121.0,2nd Innings Higher Scoring,525.0,460.0,533.0,452.0,985.0,1
423,382,112.0,230.0,244.0,Low Scoring Game,494.0,474.0,612.0,356.0,968.0,2
424,277,353.0,305.0,175.0,Team 1 Dominates,630.0,480.0,582.0,528.0,1110.0,1
426,393,338.0,350.0,209.0,High Scoring Games,731.0,559.0,743.0,547.0,1290.0,3
427,292,186.0,203.0,209.0,Low Scoring Game,478.0,412.0,495.0,395.0,890.0,0
429,287,88.0,49.0,247.0,Low Scoring Game,375.0,296.0,336.0,335.0,671.0,0
430,260,229.0,153.0,46.0,2nd Innings Higher Scoring,489.0,199.0,413.0,275.0,688.0,0
431,155,419.0,479.0,97.0,Team 1 Dominates,574.0,576.0,634.0,516.0,1150.0,2
434,301,180.0,146.0,127.0,Low Scoring Game,481.0,273.0,447.0,307.0,754.0,0
436,463,286.0,16.0,250.0,Team 2 Dominates,749.0,266.0,479.0,536.0,1015.0,1
437,453,505.0,284.0,232.0,Team 1 Dominates,958.0,516.0,737.0,737.0,1474.0,3
438,348,181.0,70.0,233.0,Low Scoring Game,529.0,303.0,418.0,414.0,832.0,0
439,339,202.0,326.0,241.0,High Scoring Games,541.0,567.0,665.0,443.0,1108.0,2
440,393,366.0,432.0,273.0,High Scoring Games,759.0,705.0,825.0,639.0,1464.0,3
441,292,356.0,321.0,258.0,High Scoring Games,648.0,579.0,613.0,614.0,1227.0,2
443,206,340.0,202.0,71.0,2nd Innings Higher Scoring,546.0,273.0,408.0,411.0,819.0,0
444,237,299.0,120.0,62.0,2nd Innings Higher Scoring,536.0,182.0,357.0,361.0,718.0,0
445,190,367.0,432.0,201.0,High Scoring Games,557.0,633.0,622.0,568.0,1190.0,2
447,387,380.0,200.0,209.0,Team 2 Dominates,767.0,409.0,587.0,589.0,1176.0,1
448,393,439.0,216.0,38.0,Team 1 Dominates,832.0,254.0,609.0,477.0,1086.0,1
450,500,390.0,184.0,180.0,Team 2 Dominates,890.0,364.0,684.0,570.0,1254.0,3
453,380,212.0,252.0,233.0,Low Scoring Game,592.0,485.0,632.0,445.0,1077.0,2
454,428,281.0,190.0,209.0,Team 2 Dominates,709.0,399.0,618.0,490.0,1108.0,1
455,292,245.0,149.0,166.0,Low Scoring Game,537.0,315.0,441.0,411.0,852.0,0
456,322,223.0,178.0,165.0,Low Scoring Game,545.0,343.0,500.0,388.0,888.0,0
457,385,190.0,212.0,335.0,Low Scoring Game,575.0,547.0,597.0,525.0,1122.0,2
459,275,190.0,228.0,273.0,Low Scoring Game,465.0,501.0,503.0,463.0,966.0,2
460,203,289.0,98.0,15.0,2nd Innings Higher Scoring,492.0,113.0,301.0,304.0,605.0,0
463,444,197.0,176.0,422.0,Team 2 Dominates,641.0,598.0,620.0,619.0,1239.0,2
464,253,178.0,283.0,235.0,Low Scoring Game,431.0,518.0,536.0,413.0,949.0,2
466,100,370.0,355.0,86.0,2nd Innings Higher Scoring,470.0,441.0,455.0,456.0,911.0,0
469,480,183.0,27.0,323.0,Team 2 Dominates,663.0,350.0,507.0,506.0,1013.0,1
470,404,389.0,362.0,278.0,Team 2 Dominates,793.0,640.0,766.0,667.0,1433.0,3
471,316,331.0,248.0,237.0,Low Scoring Game,647.0,485.0,564.0,568.0,1132.0,1
472,279,319.0,104.0,67.0,2nd Innings Higher Scoring,598.0,171.0,383.0,386.0,769.0,0
473,393,331.0,293.0,223.0,Team 2 Dominates,724.0,516.0,686.0,554.0,1240.0,3
474,321,349.0,268.0,152.0,Team 1 Dominates,670.0,420.0,589.0,501.0,1090.0,1
477,266,253.0,159.0,173.0,2nd Innings Higher Scoring,519.0,332.0,425.0,426.0,851.0,0
478,501,205.0,1.0,296.0,Team 2 Dominates,706.0,297.0,502.0,501.0,1003.0,1
479,301,297.0,229.0,228.0,Low Scoring Game,598.0,457.0,530.0,525.0,1055.0,1
480,216,186.0,278.0,91.0,2nd Innings Higher Scoring,402.0,369.0,494.0,277.0,771.0,0
481,397,174.0,229.0,231.0,Low Scoring Game,571.0,460.0,626.0,405.0,1031.0,1
482,275,246.0,223.0,255.0,Low Scoring Game,521.0,478.0,498.0,501.0,999.0,2
483,435,346.0,144.0,13.0,Team 1 Dominates,781.0,157.0,579.0,359.0,938.0,1
484,274,447.0,306.0,136.0,Team 1 Dominates,721.0,442.0,580.0,583.0,1163.0,1
485,260,302.0,450.0,326.0,High Scoring Games,562.0,776.0,710.0,628.0,1338.0,2
486,345,595.0,331.0,82.0,Team 1 Dominates,940.0,413.0,676.0,677.0,1353.0,3
487,311,411.0,270.0,76.0,Team 1 Dominates,722.0,346.0,581.0,487.0,1068.0,1
488,457,317.0,152.0,241.0,Team 2 Dominates,774.0,393.0,609.0,558.0,1167.0,1
489,300,233.0,249.0,206.0,Low Scoring Game,533.0,455.0,549.0,439.0,988.0,1
490,241,267.0,300.0,145.0,2nd Innings Higher Scoring,508.0,445.0,541.0,412.0,953.0,0
493,302,253.0,218.0,138.0,2nd Innings Higher Scoring,555.0,356.0,520.0,391.0,911.0,0
494,149,223.0,138.0,42.0,2nd Innings Higher Scoring,372.0,180.0,287.0,265.0,552.0,0
495,371,263.0,200.0,191.0,Low Scoring Game,634.0,391.0,571.0,454.0,1025.0,1
496,216,168.0,193.0,40.0,2nd Innings Higher Scoring,384.0,233.0,409.0,208.0,617.0,0
498,268,389.0,229.0,111.0,Team 1 Dominates,657.0,340.0,497.0,500.0,997.0,1
501,211,276.0,397.0,193.0,High Scoring Games,487.0,590.0,608.0,469.0,1077.0,2
502,320,341.0,274.0,256.0,High Scoring Games,661.0,530.0,594.0,597.0,1191.0,2
504,414,352.0,279.0,227.0,Team 2 Dominates,766.0,506.0,693.0,579.0,1272.0,3
505,287,448.0,326.0,88.0,Team 1 Dominates,735.0,414.0,613.0,536.0,1149.0,1
508,501,442.0,346.0,15.0,Team 1 Dominates,943.0,361.0,847.0,457.0,1304.0,3
509,390,384.0,307.0,153.0,Team 1 Dominates,774.0,460.0,697.0,537.0,1234.0,3
510,502,435.0,178.0,29.0,Team 1 Dominates,937.0,207.0,680.0,464.0,1144.0,1
511,266,187.0,179.0,140.0,2nd Innings Higher Scoring,453.0,319.0,445.0,327.0,772.0,0
512,226,214.0,207.0,166.0,2nd Innings Higher Scoring,440.0,373.0,433.0,380.0,813.0,0
513,206,202.0,309.0,223.0,High Scoring Games,408.0,532.0,515.0,425.0,940.0,2
514,397,315.0,199.0,62.0,Team 1 Dominates,712.0,261.0,596.0,377.0,973.0,1
515,462,380.0,191.0,92.0,Team 2 Dominates,842.0,283.0,653.0,472.0,1125.0,1
516,297,88.0,80.0,463.0,Low Scoring Game,385.0,543.0,377.0,551.0,928.0,0
517,262,465.0,272.0,73.0,Team 1 Dominates,727.0,345.0,534.0,538.0,1072.0,1
518,239,217.0,373.0,216.0,High Scoring Games,456.0,589.0,612.0,433.0,1045.0,2
520,355,179.0,180.0,144.0,Low Scoring Game,534.0,324.0,535.0,323.0,858.0,0
521,650,573.0,175.0,242.0,Team 2 Dominates,1223.0,417.0,825.0,815.0,1640.0,3
522,224,294.0,131.0,63.0,2nd Innings Higher Scoring,518.0,194.0,355.0,357.0,712.0,0
525,285,307.0,223.0,202.0,Low Scoring Game,592.0,425.0,508.0,509.0,1017.0,1
526,435,116.0,96.0,413.0,Low Scoring Game,551.0,509.0,531.0,529.0,1060.0,2
527,175,307.0,347.0,218.0,High Scoring Games,482.0,565.0,522.0,525.0,1047.0,2
529,280,338.0,248.0,145.0,2nd Innings Higher Scoring,618.0,393.0,528.0,483.0,1011.0,1
530,269,240.0,289.0,224.0,High Scoring Games,509.0,513.0,558.0,464.0,1022.0,2
531,208,202.0,392.0,308.0,High Scoring Games,410.0,700.0,600.0,510.0,1110.0,2
533,358,558.0,426.0,5.0,Team 1 Dominates,916.0,431.0,784.0,563.0,1347.0,3
537,342,347.0,201.0,48.0,Team 1 Dominates,689.0,249.0,543.0,395.0,938.0,1
539,296,222.0,129.0,159.0,Low Scoring Game,518.0,288.0,425.0,381.0,806.0,0
541,269,355.0,369.0,197.0,High Scoring Games,624.0,566.0,638.0,552.0,1190.0,2
542,235,325.0,482.0,253.0,High Scoring Games,560.0,735.0,717.0,578.0,1295.0,2
545,296,421.0,316.0,192.0,Team 1 Dominates,717.0,508.0,612.0,613.0,1225.0,3
547,404,406.0,323.0,270.0,Team 2 Dominates,810.0,593.0,727.0,676.0,1403.0,3
548,199,325.0,620.0,261.0,High Scoring Games,524.0,881.0,819.0,586.0,1405.0,2
549,542,353.0,180.0,367.0,Team 2 Dominates,895.0,547.0,722.0,720.0,1442.0,3
550,300,147.0,185.0,334.0,Low Scoring Game,447.0,519.0,485.0,481.0,966.0,2
552,173,276.0,278.0,179.0,2nd Innings Higher Scoring,449.0,457.0,451.0,455.0,906.0,0
553,550,164.0,126.0,510.0,Team 2 Dominates,714.0,636.0,676.0,674.0,1350.0,3
555,298,92.0,203.0,277.0,Low Scoring Game,390.0,480.0,501.0,369.0,870.0,0
556,369,354.0,241.0,88.0,Team 1 Dominates,723.0,329.0,610.0,442.0,1052.0,1
557,140,252.0,114.0,3.0,2nd Innings Higher Scoring,392.0,117.0,254.0,255.0,509.0,0
558,216,440.0,255.0,34.0,Team 1 Dominates,656.0,289.0,471.0,474.0,945.0,1
559,335,307.0,369.0,251.0,High Scoring Games,642.0,620.0,704.0,558.0,1262.0,2
561,379,279.0,294.0,355.0,High Scoring Games,658.0,649.0,673.0,634.0,1307.0,2
562,317,268.0,292.0,197.0,High Scoring Games,585.0,489.0,609.0,465.0,1074.0,2
564,376,143.0,68.0,391.0,Low Scoring Game,519.0,459.0,444.0,534.0,978.0,1
566,526,404.0,92.0,215.0,Team 2 Dominates,930.0,307.0,618.0,619.0,1237.0,3
567,414,371.0,264.0,206.0,Team 2 Dominates,785.0,470.0,678.0,577.0,1255.0,3
568,350,359.0,208.0,200.0,Team 2 Dominates,709.0,408.0,558.0,559.0,1117.0,1
569,502,288.0,88.0,301.0,Team 2 Dominates,790.0,389.0,590.0,589.0,1179.0,1
570,186,327.0,199.0,59.0,2nd Innings Higher Scoring,513.0,258.0,385.0,386.0,771.0,0
571,252,140.0,261.0,101.0,2nd Innings Higher Scoring,392.0,362.0,513.0,241.0,754.0,0
572,357,165.0,220.0,253.0,Low Scoring Game,522.0,473.0,577.0,418.0,995.0,2
574,409,222.0,142.0,68.0,Low Scoring Game,631.0,210.0,551.0,290.0,841.0,0
575,315,302.0,312.0,230.0,High Scoring Games,617.0,542.0,627.0,532.0,1159.0,2
576,494,324.0,181.0,125.0,Team 2 Dominates,818.0,306.0,675.0,449.0,1124.0,1
577,296,284.0,353.0,240.0,High Scoring Games,580.0,593.0,649.0,524.0,1173.0,2
579,264,547.0,324.0,42.0,Team 1 Dominates,811.0,366.0,588.0,589.0,1177.0,1
580,276,533.0,616.0,339.0,High Scoring Games,809.0,955.0,892.0,872.0,1764.0,3
581,619,279.0,394.0,352.0,Team 2 Dominates,898.0,746.0,1013.0,631.0,1644.0,3
582,306,209.0,225.0,203.0,Low Scoring Game,515.0,428.0,531.0,412.0,943.0,0
583,246,274.0,195.0,33.0,2nd Innings Higher Scoring,520.0,228.0,441.0,307.0,748.0,0
585,323,276.0,297.0,348.0,High Scoring Games,599.0,645.0,620.0,624.0,1244.0,2
586,297,282.0,148.0,166.0,2nd Innings Higher Scoring,579.0,314.0,445.0,448.0,893.0,0
588,413,147.0,12.0,275.0,Low Scoring Game,560.0,287.0,425.0,422.0,847.0,0
589,380,344.0,295.0,295.0,Team 2 Dominates,724.0,590.0,675.0,639.0,1314.0,3
590,223,161.0,240.0,272.0,Low Scoring Game,384.0,512.0,463.0,433.0,896.0,0
591,190,169.0,340.0,131.0,High Scoring Games,359.0,471.0,530.0,300.0,830.0,0
593,150,242.0,229.0,138.0,2nd Innings Higher Scoring,392.0,367.0,379.0,380.0,759.0,0
594,156,229.0,260.0,127.0,2nd Innings Higher Scoring,385.0,387.0,416.0,356.0,772.0,0
595,319,257.0,214.0,109.0,2nd Innings Higher Scoring,576.0,323.0,533.0,366.0,899.0,0
596,181,89.0,175.0,76.0,2nd Innings Higher Scoring,270.0,251.0,356.0,165.0,521.0,0
597,220,274.0,283.0,112.0,2nd Innings Higher Scoring,494.0,395.0,503.0,386.0,889.0,0
598,114,241.0,208.0,82.0,2nd Innings Higher Scoring,355.0,290.0,322.0,323.0,645.0,0
599,273,290.0,200.0,51.0,2nd Innings Higher Scoring,563.0,251.0,473.0,341.0,814.0,0
600,271,345.0,137.0,67.0,2nd Innings Higher Scoring,616.0,204.0,408.0,412.0,820.0,0
601,320,348.0,312.0,95.0,Team 1 Dominates,668.0,407.0,632.0,443.0,1075.0,1
602,296,223.0,107.0,181.0,Low Scoring Game,519.0,288.0,403.0,404.0,807.0,0
603,212,335.0,161.0,42.0,2nd Innings Higher Scoring,547.0,203.0,373.0,377.0,750.0,0
604,258,163.0,153.0,171.0,Low Scoring Game,421.0,324.0,411.0,334.0,745.0,0
605,382,164.0,232.0,280.0,Low Scoring Game,546.0,512.0,614.0,444.0,1058.0,2
607,279,202.0,408.0,178.0,High Scoring Games,481.0,586.0,687.0,380.0,1067.0,2
608,311,212.0,470.0,246.0,High Scoring Games,523.0,716.0,781.0,458.0,1239.0,2
609,433,464.0,214.0,39.0,Team 1 Dominates,897.0,253.0,647.0,503.0,1150.0,1
610,397,440.0,287.0,100.0,Team 1 Dominates,837.0,387.0,684.0,540.0,1224.0,3
611,332,236.0,319.0,116.0,High Scoring Games,568.0,435.0,651.0,352.0,1003.0,1
612,493,392.0,169.0,161.0,Team 2 Dominates,885.0,330.0,662.0,553.0,1215.0,3
613,470,235.0,233.0,328.0,Team 2 Dominates,705.0,561.0,703.0,563.0,1266.0,3
614,184,264.0,302.0,160.0,2nd Innings Higher Scoring,448.0,462.0,486.0,424.0,910.0,0
616,214,352.0,261.0,125.0,2nd Innings Higher Scoring,566.0,386.0,475.0,477.0,952.0,1
617,363,376.0,307.0,123.0,Team 1 Dominates,739.0,430.0,670.0,499.0,1169.0,1
618,501,347.0,180.0,221.0,Team 2 Dominates,848.0,401.0,681.0,568.0,1249.0,3
619,360,526.0,427.0,165.0,Team 1 Dominates,886.0,592.0,787.0,691.0,1478.0,3
620,65,231.0,254.0,89.0,2nd Innings Higher Scoring,296.0,343.0,319.0,320.0,639.0,0
621,321,313.0,237.0,40.0,2nd Innings Higher Scoring,634.0,277.0,558.0,353.0,911.0,1
624,316,350.0,264.0,205.0,Team 1 Dominates,666.0,469.0,580.0,555.0,1135.0,1
625,304,313.0,191.0,145.0,2nd Innings Higher Scoring,617.0,336.0,495.0,458.0,953.0,1
626,386,212.0,245.0,65.0,Low Scoring Game,598.0,310.0,631.0,277.0,908.0,1
627,355,284.0,101.0,174.0,Low Scoring Game,639.0,275.0,456.0,458.0,914.0,1
628,508,386.0,218.0,236.0,Team 2 Dominates,894.0,454.0,726.0,622.0,1348.0,3
629,348,341.0,288.0,121.0,Team 1 Dominates,689.0,409.0,636.0,462.0,1098.0,1
632,368,162.0,194.0,253.0,Low Scoring Game,530.0,447.0,562.0,415.0,977.0,1
633,249,142.0,234.0,252.0,Low Scoring Game,391.0,486.0,483.0,394.0,877.0,0
634,272,308.0,116.0,81.0,2nd Innings Higher Scoring,580.0,197.0,388.0,389.0,777.0,0
635,315,189.0,324.0,290.0,High Scoring Games,504.0,614.0,639.0,479.0,1118.0,2
636,146,263.0,136.0,21.0,2nd Innings Higher Scoring,409.0,157.0,282.0,284.0,566.0,0
637,284,399.0,356.0,242.0,High Scoring Games,683.0,598.0,640.0,641.0,1281.0,2
638,173,200.0,233.0,208.0,2nd Innings Higher Scoring,373.0,441.0,406.0,408.0,814.0,0
639,210,174.0,155.0,163.0,2nd Innings Higher Scoring,384.0,318.0,365.0,337.0,702.0,0
640,242,316.0,159.0,86.0,2nd Innings Higher Scoring,558.0,245.0,401.0,402.0,803.0,0
642,448,480.0,244.0,67.0,Team 1 Dominates,928.0,311.0,692.0,547.0,1239.0,3
644,441,574.0,425.0,200.0,Team 1 Dominates,1015.0,625.0,866.0,774.0,1640.0,3
645,334,360.0,184.0,106.0,Team 1 Dominates,694.0,290.0,518.0,466.0,984.0,1
646,357,325.0,290.0,78.0,Team 1 Dominates,682.0,368.0,647.0,403.0,1050.0,1
648,402,402.0,271.0,92.0,Team 1 Dominates,804.0,363.0,673.0,494.0,1167.0,1
649,428,428.0,260.0,67.0,Team 1 Dominates,856.0,327.0,688.0,495.0,1183.0,1
650,324,391.0,300.0,36.0,Team 1 Dominates,715.0,336.0,624.0,427.0,1051.0,1
651,332,280.0,281.0,289.0,High Scoring Games,612.0,570.0,613.0,569.0,1182.0,2
652,366,341.0,109.0,135.0,2nd Innings Higher Scoring,707.0,244.0,475.0,476.0,951.0,1
653,419,319.0,218.0,135.0,Team 2 Dominates,738.0,353.0,637.0,454.0,1091.0,1
654,355,422.0,306.0,124.0,Team 1 Dominates,777.0,430.0,661.0,546.0,1207.0,1
656,445,386.0,199.0,30.0,Team 1 Dominates,831.0,229.0,644.0,416.0,1060.0,1
657,250,97.0,325.0,440.0,High Scoring Games,347.0,765.0,575.0,537.0,1112.0,2
660,415,257.0,255.0,255.0,Team 2 Dominates,672.0,510.0,670.0,512.0,1182.0,2
661,327,305.0,302.0,182.0,High Scoring Games,632.0,484.0,629.0,487.0,1116.0,1
664,312,162.0,305.0,30.0,2nd Innings Higher Scoring,474.0,335.0,617.0,192.0,809.0,0
666,131,392.0,392.0,132.0,High Scoring Games,523.0,524.0,523.0,524.0,1047.0,2
670,267,305.0,263.0,199.0,2nd Innings Higher Scoring,572.0,462.0,530.0,504.0,1034.0,1
672,223,255.0,259.0,230.0,High Scoring Games,478.0,489.0,482.0,485.0,967.0,2
673,221,112.0,346.0,158.0,High Scoring Games,333.0,504.0,567.0,270.0,837.0,0
674,328,246.0,213.0,182.0,Low Scoring Game,574.0,395.0,541.0,428.0,969.0,1
677,285,183.0,179.0,238.0,Low Scoring Game,468.0,417.0,464.0,421.0,885.0,0
678,130,270.0,226.0,27.0,2nd Innings Higher Scoring,400.0,253.0,356.0,297.0,653.0,0
680,289,260.0,356.0,118.0,High Scoring Games,549.0,474.0,645.0,378.0,1023.0,2
682,233,240.0,316.0,224.0,High Scoring Games,473.0,540.0,549.0,464.0,1013.0,2
683,190,192.0,256.0,154.0,2nd Innings Higher Scoring,382.0,410.0,446.0,346.0,792.0,0
684,604,406.0,205.0,202.0,Team 2 Dominates,1010.0,407.0,809.0,608.0,1417.0,3
685,309,265.0,288.0,166.0,High Scoring Games,574.0,454.0,597.0,431.0,1028.0,1
686,208,481.0,293.0,23.0,Team 1 Dominates,689.0,316.0,501.0,504.0,1005.0,1
687,242,241.0,244.0,238.0,Low Scoring Game,483.0,482.0,486.0,479.0,965.0,2
688,405,295.0,289.0,228.0,Team 2 Dominates,700.0,517.0,694.0,523.0,1217.0,2
689,304,172.0,272.0,241.0,Low Scoring Game,476.0,513.0,576.0,413.0,989.0,2
691,199,214.0,373.0,258.0,High Scoring Games,413.0,631.0,572.0,472.0,1044.0,2
692,406,493.0,256.0,1.0,Team 1 Dominates,899.0,257.0,662.0,494.0,1156.0,1
696,315,268.0,436.0,329.0,High Scoring Games,583.0,765.0,751.0,597.0,1348.0,2
697,288,135.0,291.0,220.0,Low Scoring Game,423.0,511.0,579.0,355.0,934.0,2
698,532,191.0,40.0,538.0,Team 2 Dominates,723.0,578.0,572.0,729.0,1301.0,3
699,214,366.0,370.0,219.0,High Scoring Games,580.0,589.0,584.0,585.0,1169.0,2
701,224,485.0,312.0,55.0,Team 1 Dominates,709.0,367.0,536.0,540.0,1076.0,1
702,355,405.0,128.0,82.0,Team 1 Dominates,760.0,210.0,483.0,487.0,970.0,1
703,418,274.0,345.0,299.0,High Scoring Games,692.0,644.0,763.0,573.0,1336.0,3
704,351,160.0,300.0,326.0,Low Scoring Game,511.0,626.0,651.0,486.0,1137.0,2
705,266,414.0,215.0,71.0,Team 1 Dominates,680.0,286.0,481.0,485.0,966.0,1
710,359,228.0,271.0,406.0,Low Scoring Game,587.0,677.0,630.0,634.0,1264.0,2
711,306,391.0,97.0,13.0,2nd Innings Higher Scoring,697.0,110.0,403.0,404.0,807.0,0
712,494,332.0,176.0,156.0,Team 2 Dominates,826.0,332.0,670.0,488.0,1158.0,1
713,250,182.0,254.0,241.0,Low Scoring Game,432.0,495.0,504.0,423.0,927.0,0
714,211,71.0,411.0,126.0,High Scoring Games,282.0,537.0,622.0,197.0,819.0,0
715,450,387.0,196.0,204.0,Team 2 Dominates,837.0,400.0,646.0,591.0,1237.0,3
716,687,435.0,182.0,203.0,Team 2 Dominates,1122.0,385.0,869.0,638.0,1507.0,3
717,417,157.0,105.0,360.0,Low Scoring Game,574.0,465.0,522.0,517.0,1039.0,1
718,473,219.0,4.0,254.0,Team 2 Dominates,692.0,258.0,477.0,473.0,950.0,1
719,565,468.0,290.0,262.0,Team 2 Dominates,1033.0,552.0,855.0,730.0,1585.0,3
720,399,298.0,202.0,141.0,Team 2 Dominates,697.0,343.0,601.0,439.0,1040.0,1
721,524,350.0,208.0,193.0,Team 2 Dominates,874.0,401.0,732.0,543.0,1275.0,3
722,298,140.0,201.0,143.0,Low Scoring Game,438.0,344.0,499.0,283.0,782.0,0
724,155,321.0,181.0,16.0,2nd Innings Higher Scoring,476.0,197.0,336.0,337.0,673.0,0
725,262,164.0,185.0,83.0,2nd Innings Higher Scoring,426.0,268.0,447.0,247.0,694.0,0
726,253,195.0,259.0,177.0,Low Scoring Game,448.0,436.0,512.0,372.0,884.0,0
727,338,317.0,192.0,152.0,2nd Innings Higher Scoring,655.0,344.0,530.0,469.0,999.0,1
728,272,454.0,466.0,261.0,High Scoring Games,726.0,727.0,738.0,715.0,1453.0,3
729,517,333.0,315.0,151.0,Team 2 Dominates,850.0,466.0,832.0,484.0,1316.0,3
730,211,360.0,180.0,32.0,2nd Innings Higher Scoring,571.0,212.0,391.0,392.0,783.0,0
731,552,357.0,154.0,293.0,Team 2 Dominates,909.0,447.0,706.0,650.0,1356.0,3
732,229,377.0,175.0,28.0,2nd Innings Higher Scoring,606.0,203.0,404.0,405.0,809.0,0
733,435,421.0,291.0,251.0,Team 2 Dominates,856.0,542.0,726.0,672.0,1398.0,3
734,180,316.0,340.0,206.0,High Scoring Games,496.0,546.0,520.0,522.0,1042.0,2
735,194,448.0,540.0,154.0,High Scoring Games,642.0,694.0,734.0,602.0,1336.0,2
736,341,154.0,301.0,222.0,Low Scoring Game,495.0,523.0,642.0,376.0,1018.0,2
737,280,198.0,359.0,301.0,High Scoring Games,478.0,660.0,639.0,499.0,1138.0,2
738,138,95.0,419.0,417.0,High Scoring Games,233.0,836.0,557.0,512.0,1069.0,2
739,216,296.0,305.0,114.0,2nd Innings Higher Scoring,512.0,419.0,521.0,410.0,931.0,0
740,297,437.0,218.0,82.0,Team 1 Dominates,734.0,300.0,515.0,519.0,1034.0,1
741,243,364.0,309.0,189.0,High Scoring Games,607.0,498.0,552.0,553.0,1105.0,2
744,166,153.0,327.0,324.0,High Scoring Games,319.0,651.0,493.0,477.0,970.0,2
745,402,394.0,330.0,342.0,Team 2 Dominates,796.0,672.0,732.0,736.0,1468.0,3
746,256,213.0,343.0,164.0,High Scoring Games,469.0,507.0,599.0,377.0,976.0,2
748,505,269.0,256.0,445.0,Team 2 Dominates,774.0,701.0,761.0,714.0,1475.0,3
750,275,191.0,259.0,186.0,Low Scoring Game,466.0,445.0,534.0,377.0,911.0,0
752,228,215.0,123.0,64.0,2nd Innings Higher Scoring,443.0,187.0,351.0,279.0,630.0,0
753,418,235.0,96.0,105.0,Low Scoring Game,653.0,201.0,514.0,340.0,854.0,1
756,250,288.0,178.0,141.0,2nd Innings Higher Scoring,538.0,319.0,428.0,429.0,857.0,0
757,205,286.0,439.0,362.0,High Scoring Games,491.0,801.0,644.0,648.0,1292.0,2
758,292,290.0,290.0,94.0,2nd Innings Higher Scoring,582.0,384.0,582.0,384.0,966.0,1
759,343,280.0,305.0,258.0,High Scoring Games,623.0,563.0,648.0,538.0,1186.0,2
763,234,279.0,182.0,138.0,2nd Innings Higher Scoring,513.0,320.0,416.0,417.0,833.0,0
765,339,289.0,67.0,118.0,2nd Innings Higher Scoring,628.0,185.0,406.0,407.0,813.0,0
766,503,462.0,264.0,43.0,Team 1 Dominates,965.0,307.0,767.0,505.0,1272.0,3
767,199,539.0,465.0,128.0,Team 1 Dominates,738.0,593.0,664.0,667.0,1331.0,3
768,344,481.0,300.0,164.0,Team 1 Dominates,825.0,464.0,644.0,645.0,1289.0,3
769,116,286.0,339.0,170.0,High Scoring Games,402.0,509.0,455.0,456.0,911.0,0
770,309,190.0,208.0,161.0,Low Scoring Game,499.0,369.0,517.0,351.0,868.0,0
771,258,143.0,167.0,179.0,Low Scoring Game,401.0,346.0,425.0,322.0,747.0,0
772,152,294.0,346.0,111.0,2nd Innings Higher Scoring,446.0,457.0,498.0,405.0,903.0,0
773,169,164.0,360.0,160.0,High Scoring Games,333.0,520.0,529.0,324.0,853.0,0
774,198,308.0,143.0,35.0,2nd Innings Higher Scoring,506.0,178.0,341.0,343.0,684.0,0
777,300,327.0,361.0,197.0,High Scoring Games,627.0,558.0,661.0,524.0,1185.0,2
778,228,255.0,151.0,125.0,2nd Innings Higher Scoring,483.0,276.0,379.0,380.0,759.0,0
781,271,290.0,323.0,176.0,High Scoring Games,561.0,499.0,594.0,466.0,1060.0,2
783,254,359.0,281.0,8.0,Team 1 Dominates,613.0,289.0,535.0,367.0,902.0,1
784,196,168.0,353.0,310.0,High Scoring Games,364.0,663.0,549.0,478.0,1027.0,2
785,277,327.0,285.0,236.0,High Scoring Games,604.0,521.0,562.0,563.0,1125.0,2
789,305,202.0,334.0,429.0,High Scoring Games,507.0,763.0,639.0,631.0,1270.0,2
792,271,304.0,311.0,125.0,2nd Innings Higher Scoring,575.0,436.0,582.0,429.0,1011.0,1
794,442,347.0,151.0,200.0,Team 2 Dominates,789.0,351.0,593.0,547.0,1140.0,1
797,273,126.0,242.0,364.0,Low Scoring Game,399.0,606.0,515.0,490.0,1005.0,2
798,334,173.0,160.0,190.0,Low Scoring Game,507.0,350.0,494.0,363.0,857.0,0
800,272,430.0,233.0,78.0,Team 1 Dominates,702.0,311.0,505.0,508.0,1013.0,1
801,331,272.0,205.0,179.0,Low Scoring Game,603.0,384.0,536.0,451.0,987.0,1
802,268,441.0,448.0,40.0,Team 1 Dominates,709.0,488.0,716.0,481.0,1197.0,1
803,156,397.0,259.0,22.0,2nd Innings Higher Scoring,553.0,281.0,415.0,419.0,834.0,0
804,328,203.0,448.0,165.0,High Scoring Games,531.0,613.0,776.0,368.0,1144.0,2
805,244,228.0,337.0,215.0,High Scoring Games,472.0,552.0,581.0,443.0,1024.0,2
806,123,145.0,237.0,219.0,2nd Innings Higher Scoring,268.0,456.0,360.0,364.0,724.0,0
807,306,477.0,273.0,103.0,Team 1 Dominates,783.0,376.0,579.0,580.0,1159.0,1
808,140,249.0,212.0,104.0,2nd Innings Higher Scoring,389.0,316.0,352.0,353.0,705.0,0
810,220,305.0,264.0,73.0,2nd Innings Higher Scoring,525.0,337.0,484.0,378.0,862.0,0
811,242,296.0,149.0,98.0,2nd Innings Higher Scoring,538.0,247.0,391.0,394.0,785.0,0
812,225,292.0,140.0,76.0,2nd Innings Higher Scoring,517.0,216.0,365.0,368.0,733.0,0
815,263,308.0,252.0,209.0,2nd Innings Higher Scoring,571.0,461.0,515.0,517.0,1032.0,1
820,385,205.0,189.0,244.0,Low Scoring Game,590.0,433.0,574.0,449.0,1023.0,1
822,235,176.0,242.0,145.0,2nd Innings Higher Scoring,411.0,387.0,477.0,321.0,798.0,0
825,225,305.0,142.0,63.0,2nd Innings Higher Scoring,530.0,205.0,367.0,368.0,735.0,0
826,196,265.0,121.0,55.0,2nd Innings Higher Scoring,461.0,176.0,317.0,320.0,637.0,0
827,321,317.0,188.0,128.0,2nd Innings Higher Scoring,638.0,316.0,509.0,445.0,954.0,1
829,528,419.0,221.0,135.0,Team 2 Dominates,947.0,356.0,749.0,554.0,1303.0,3
830,237,419.0,324.0,83.0,Team 1 Dominates,656.0,407.0,561.0,502.0,1063.0,1
832,265,122.0,379.0,224.0,High Scoring Games,387.0,603.0,644.0,346.0,990.0,2
835,375,223.0,100.0,190.0,Low Scoring Game,598.0,290.0,475.0,413.0,888.0,0
837,238,366.0,284.0,95.0,Team 1 Dominates,604.0,379.0,522.0,461.0,983.0,1
838,185,179.0,125.0,132.0,2nd Innings Higher Scoring,364.0,257.0,310.0,311.0,621.0,0
839,311,345.0,265.0,90.0,Team 1 Dominates,656.0,355.0,576.0,435.0,1011.0,1
840,401,174.0,111.0,356.0,Low Scoring Game,575.0,467.0,512.0,530.0,1042.0,1
841,189,258.0,219.0,121.0,2nd Innings Higher Scoring,447.0,340.0,408.0,379.0,787.0,0
842,231,130.0,404.0,402.0,High Scoring Games,361.0,806.0,635.0,532.0,1167.0,2
843,352,314.0,344.0,261.0,High Scoring Games,666.0,605.0,696.0,575.0,1271.0,2
844,180,62.0,424.0,256.0,High Scoring Games,242.0,680.0,604.0,318.0,922.0,2
845,291,512.0,223.0,3.0,Team 1 Dominates,803.0,226.0,514.0,515.0,1029.0,1
847,179,166.0,227.0,102.0,2nd Innings Higher Scoring,345.0,329.0,406.0,268.0,674.0,0
850,248,208.0,265.0,170.0,2nd Innings Higher Scoring,456.0,435.0,513.0,378.0,891.0,0
853,198,201.0,222.0,161.0,2nd Innings Higher Scoring,399.0,383.0,420.0,362.0,782.0,0
854,384,267.0,255.0,200.0,Low Scoring Game,651.0,455.0,639.0,467.0,1106.0,1
855,238,389.0,386.0,239.0,High Scoring Games,627.0,625.0,624.0,628.0,1252.0,2
856,218,223.0,175.0,171.0,2nd Innings Higher Scoring,441.0,346.0,393.0,394.0,787.0,0
858,210,387.0,280.0,109.0,Team 1 Dominates,597.0,389.0,490.0,496.0,986.0,1
859,353,149.0,69.0,272.0,Low Scoring Game,502.0,341.0,422.0,421.0,843.0,0
860,396,344.0,301.0,149.0,Team 1 Dominates,740.0,450.0,697.0,493.0,1190.0,1
861,454,270.0,154.0,186.0,Team 2 Dominates,724.0,340.0,608.0,456.0,1064.0,1
863,433,128.0,67.0,369.0,Low Scoring Game,561.0,436.0,500.0,497.0,997.0,1
865,594,410.0,191.0,111.0,Team 2 Dominates,1004.0,302.0,785.0,521.0,1306.0,3
866,272,251.0,291.0,199.0,High Scoring Games,523.0,490.0,563.0,450.0,1013.0,2
867,428,227.0,77.0,276.0,Low Scoring Game,655.0,353.0,505.0,503.0,1008.0,1
868,275,256.0,199.0,219.0,Low Scoring Game,531.0,418.0,474.0,475.0,949.0,1
869,346,566.0,394.0,135.0,Team 1 Dominates,912.0,529.0,740.0,701.0,1441.0,3
870,284,419.0,179.0,47.0,Team 1 Dominates,703.0,226.0,463.0,466.0,929.0,1
872,316,467.0,214.0,64.0,Team 1 Dominates,783.0,278.0,530.0,531.0,1061.0,1
873,411,424.0,358.0,73.0,Team 1 Dominates,835.0,431.0,769.0,497.0,1266.0,3
874,219,341.0,309.0,190.0,High Scoring Games,560.0,499.0,528.0,531.0,1059.0,2
875,438,216.0,83.0,304.0,Low Scoring Game,654.0,387.0,521.0,520.0,1041.0,1
876,284,287.0,294.0,288.0,High Scoring Games,571.0,582.0,578.0,575.0,1153.0,2
877,314,237.0,382.0,314.0,High Scoring Games,551.0,696.0,696.0,551.0,1247.0,2
880,372,652.0,286.0,10.0,Team 1 Dominates,1024.0,296.0,658.0,662.0,1320.0,3
884,251,254.0,174.0,173.0,2nd Innings Higher Scoring,505.0,347.0,425.0,427.0,852.0,0
887,209,486.0,277.0,1.0,Team 1 Dominates,695.0,278.0,486.0,487.0,973.0,1
890,240,201.0,93.0,134.0,2nd Innings Higher Scoring,441.0,227.0,333.0,335.0,668.0,0
892,209,196.0,446.0,270.0,High Scoring Games,405.0,716.0,655.0,466.0,1121.0,2
893,225,377.0,252.0,103.0,Team 1 Dominates,602.0,355.0,477.0,480.0,957.0,1
894,326,191.0,211.0,219.0,Low Scoring Game,517.0,430.0,537.0,410.0,947.0,1
895,420,207.0,297.0,345.0,Low Scoring Game,627.0,642.0,717.0,552.0,1269.0,2
898,245,322.0,262.0,42.0,2nd Innings Higher Scoring,567.0,304.0,507.0,364.0,871.0,0
900,464,384.0,233.0,120.0,Team 2 Dominates,848.0,353.0,697.0,504.0,1201.0,1
901,281,241.0,201.0,103.0,2nd Innings Higher Scoring,522.0,304.0,482.0,344.0,826.0,0
902,463,393.0,173.0,104.0,Team 2 Dominates,856.0,277.0,636.0,497.0,1133.0,1
909,278,454.0,210.0,35.0,Team 1 Dominates,732.0,245.0,488.0,489.0,977.0,1
910,219,463.0,537.0,69.0,Team 1 Dominates,682.0,606.0,756.0,532.0,1288.0,2
913,182,277.0,159.0,66.0,2nd Innings Higher Scoring,459.0,225.0,341.0,343.0,684.0,0
915,241,343.0,344.0,217.0,High Scoring Games,584.0,561.0,585.0,560.0,1145.0,2
916,279,230.0,273.0,250.0,Low Scoring Game,509.0,523.0,552.0,480.0,1032.0,2
918,429,509.0,97.0,21.0,Team 1 Dominates,938.0,118.0,526.0,530.0,1056.0,1
920,199,305.0,160.0,55.0,2nd Innings Higher Scoring,504.0,215.0,359.0,360.0,719.0,0
921,276,215.0,201.0,97.0,2nd Innings Higher Scoring,491.0,298.0,477.0,312.0,789.0,0
922,174,198.0,289.0,123.0,2nd Innings Higher Scoring,372.0,412.0,463.0,321.0,784.0,0
925,286,245.0,300.0,344.0,High Scoring Games,531.0,644.0,586.0,589.0,1175.0,2
926,270,302.0,159.0,131.0,2nd Innings Higher Scoring,572.0,290.0,429.0,433.0,862.0,0
928,190,162.0,346.0,202.0,High Scoring Games,352.0,548.0,536.0,364.0,900.0,0
933,175,424.0,271.0,26.0,Team 1 Dominates,599.0,297.0,446.0,450.0,896.0,0
934,356,284.0,292.0,173.0,Low Scoring Game,640.0,465.0,648.0,457.0,1105.0,1
935,479,296.0,186.0,198.0,Team 2 Dominates,775.0,384.0,665.0,494.0,1159.0,1
937,157,221.0,241.0,181.0,2nd Innings Higher Scoring,378.0,422.0,398.0,402.0,800.0,0
938,267,230.0,189.0,230.0,Low Scoring Game,497.0,419.0,456.0,460.0,916.0,0
940,195,465.0,317.0,51.0,Team 1 Dominates,660.0,368.0,512.0,516.0,1028.0,1
941,307,418.0,235.0,127.0,Team 1 Dominates,725.0,362.0,542.0,545.0,1087.0,1
943,272,652.0,412.0,35.0,Team 1 Dominates,924.0,447.0,684.0,687.0,1371.0,3
944,553,417.0,97.0,91.0,Team 2 Dominates,970.0,188.0,650.0,508.0,1158.0,1
947,274,220.0,223.0,278.0,Low Scoring Game,494.0,501.0,497.0,498.0,995.0,2
948,307,262.0,261.0,187.0,Low Scoring Game,569.0,448.0,568.0,449.0,1017.0,1
950,94,336.0,248.0,10.0,2nd Innings Higher Scoring,430.0,258.0,342.0,346.0,688.0,0
951,363,138.0,59.0,283.0,Low Scoring Game,501.0,342.0,422.0,421.0,843.0,0
952,331,533.0,324.0,123.0,Team 1 Dominates,864.0,447.0,655.0,656.0,1311.0,3
953,290,425.0,261.0,127.0,Team 1 Dominates,715.0,388.0,551.0,552.0,1103.0,1
958,218,347.0,251.0,61.0,2nd Innings Higher Scoring,565.0,312.0,469.0,408.0,877.0,0
959,385,244.0,206.0,198.0,Low Scoring Game,629.0,404.0,591.0,442.0,1033.0,1
960,249,198.0,325.0,307.0,High Scoring Games,447.0,632.0,574.0,505.0,1079.0,2
962,157,259.0,200.0,100.0,2nd Innings Higher Scoring,416.0,300.0,357.0,359.0,716.0,0
963,162,295.0,230.0,98.0,2nd Innings Higher Scoring,457.0,328.0,392.0,393.0,785.0,0
965,293,227.0,193.0,260.0,Low Scoring Game,520.0,453.0,486.0,487.0,973.0,1
966,203,299.0,259.0,164.0,2nd Innings Higher Scoring,502.0,423.0,462.0,463.0,925.0,0
968,262,445.0,308.0,59.0,Team 1 Dominates,707.0,367.0,570.0,504.0,1074.0,1
971,364,339.0,219.0,16.0,Team 1 Dominates,703.0,235.0,583.0,355.0,938.0,1
972,314,258.0,103.0,160.0,Low Scoring Game,572.0,263.0,417.0,418.0,835.0,0
973,159,307.0,152.0,5.0,2nd Innings Higher Scoring,466.0,157.0,311.0,312.0,623.0,0
974,176,399.0,315.0,95.0,Team 1 Dominates,575.0,410.0,491.0,494.0,985.0,1
976,200,312.0,150.0,39.0,2nd Innings Higher Scoring,512.0,189.0,350.0,351.0,701.0,0
977,474,310.0,246.0,170.0,Team 2 Dominates,784.0,416.0,720.0,480.0,1200.0,1
979,132,273.0,172.0,32.0,2nd Innings Higher Scoring,405.0,204.0,304.0,305.0,609.0,0
981,294,341.0,180.0,136.0,2nd Innings Higher Scoring,635.0,316.0,474.0,477.0,951.0,1
982,272,102.0,237.0,128.0,Low Scoring Game,374.0,365.0,509.0,230.0,739.0,0
983,390,390.0,235.0,174.0,Team 1 Dominates,780.0,409.0,625.0,564.0,1189.0,1
984,307,342.0,295.0,41.0,Team 1 Dominates,649.0,336.0,602.0,383.0,985.0,1
985,256,413.0,230.0,77.0,Team 1 Dominates,669.0,307.0,486.0,490.0,976.0,1
987,574,397.0,170.0,347.0,Team 2 Dominates,971.0,517.0,744.0,744.0,1488.0,3
990,159,248.0,328.0,53.0,2nd Innings Higher Scoring,407.0,381.0,487.0,301.0,788.0,0
992,240,239.0,211.0,125.0,2nd Innings Higher Scoring,479.0,336.0,451.0,364.0,815.0,0
993,456,248.0,77.0,282.0,Team 2 Dominates,704.0,359.0,533.0,530.0,1063.0,1
994,592,401.0,199.0,197.0,Team 2 Dominates,993.0,396.0,791.0,598.0,1389.0,3
995,514,455.0,201.0,39.0,Team 1 Dominates,969.0,240.0,715.0,494.0,1209.0,3
997,343,275.0,251.0,264.0,Low Scoring Game,618.0,515.0,594.0,539.0,1133.0,2
1002,403,229.0,181.0,179.0,Low Scoring Game,632.0,360.0,584.0,408.0,992.0,1
1005,116,145.0,249.0,204.0,2nd Innings Higher Scoring,261.0,453.0,365.0,349.0,714.0,0
1006,228,345.0,386.0,50.0,Team 1 Dominates,573.0,436.0,614.0,395.0,1009.0,1
1007,418,157.0,16.0,273.0,Low Scoring Game,575.0,289.0,434.0,430.0,864.0,0
1008,100,332.0,264.0,33.0,2nd Innings Higher Scoring,432.0,297.0,364.0,365.0,729.0,0
1013,439,521.0,205.0,109.0,Team 1 Dominates,960.0,314.0,644.0,630.0,1274.0,3
1015,75,127.0,327.0,276.0,High Scoring Games,202.0,603.0,402.0,403.0,805.0,0
1016,281,337.0,173.0,4.0,2nd Innings Higher Scoring,618.0,177.0,454.0,341.0,795.0,0
1018,382,184.0,217.0,160.0,Low Scoring Game,566.0,377.0,599.0,344.0,943.0,1
1020,292,191.0,137.0,51.0,2nd Innings Higher Scoring,483.0,188.0,429.0,242.0,671.0,0
1022,186,305.0,212.0,97.0,2nd Innings Higher Scoring,491.0,309.0,398.0,402.0,800.0,0
1024,317,357.0,286.0,230.0,High Scoring Games,674.0,516.0,603.0,587.0,1190.0,2
1026,319,168.0,152.0,130.0,Low Scoring Game,487.0,282.0,471.0,298.0,769.0,0
1030,292,435.0,172.0,32.0,Team 1 Dominates,727.0,204.0,464.0,467.0,931.0,1
1031,174,194.0,391.0,341.0,High Scoring Games,368.0,732.0,565.0,535.0,1100.0,2
1032,309,306.0,262.0,268.0,High Scoring Games,615.0,530.0,571.0,574.0,1145.0,2
1034,209,165.0,397.0,307.0,High Scoring Games,374.0,704.0,606.0,472.0,1078.0,2
1036,201,275.0,138.0,67.0,2nd Innings Higher Scoring,476.0,205.0,339.0,342.0,681.0,0
1037,205,183.0,202.0,226.0,Low Scoring Game,388.0,428.0,407.0,409.0,816.0,0
1038,194,429.0,331.0,100.0,Team 1 Dominates,623.0,431.0,525.0,529.0,1054.0,1
1040,316,321.0,378.0,67.0,Team 1 Dominates,637.0,445.0,694.0,388.0,1082.0,1
1041,340,233.0,161.0,153.0,Low Scoring Game,573.0,314.0,501.0,386.0,887.0,0
1042,384,189.0,141.0,164.0,Low Scoring Game,573.0,305.0,525.0,353.0,878.0,0
1043,236,234.0,279.0,145.0,2nd Innings Higher Scoring,470.0,424.0,515.0,379.0,894.0,0
1044,254,358.0,124.0,22.0,2nd Innings Higher Scoring,612.0,146.0,378.0,380.0,758.0,0
1045,167,394.0,289.0,63.0,Team 1 Dominates,561.0,352.0,456.0,457.0,913.0,0
1046,449,395.0,349.0,234.0,Team 2 Dominates,844.0,583.0,798.0,629.0,1427.0,3
1047,280,242.0,361.0,114.0,High Scoring Games,522.0,475.0,641.0,356.0,997.0,2
1048,224,401.0,256.0,82.0,Team 1 Dominates,625.0,338.0,480.0,483.0,963.0,1
1049,515,369.0,224.0,233.0,Team 2 Dominates,884.0,457.0,739.0,602.0,1341.0,3
1053,321,377.0,251.0,196.0,Team 1 Dominates,698.0,447.0,572.0,573.0,1145.0,1
1054,314,150.0,266.0,213.0,Low Scoring Game,464.0,479.0,580.0,363.0,943.0,0
1055,289,384.0,152.0,60.0,2nd Innings Higher Scoring,673.0,212.0,441.0,444.0,885.0,1
1056,601,430.0,230.0,191.0,Team 2 Dominates,1031.0,421.0,831.0,621.0,1452.0,3
1057,286,528.0,359.0,119.0,Team 1 Dominates,814.0,478.0,645.0,647.0,1292.0,3
1059,260,447.0,264.0,81.0,Team 1 Dominates,707.0,345.0,524.0,528.0,1052.0,1
1061,468,285.0,219.0,143.0,Team 2 Dominates,753.0,362.0,687.0,428.0,1115.0,1
1062,409,262.0,305.0,303.0,Team 2 Dominates,671.0,608.0,714.0,565.0,1279.0,2
1068,224,216.0,513.0,348.0,High Scoring Games,440.0,861.0,737.0,564.0,1301.0,2
1069,223,107.0,312.0,336.0,High Scoring Games,330.0,648.0,535.0,443.0,978.0,2
1070,257,341.0,387.0,233.0,High Scoring Games,598.0,620.0,644.0,574.0,1218.0,2
1072,459,164.0,2.0,296.0,Low Scoring Game,623.0,298.0,461.0,460.0,921.0,1
1074,391,482.0,483.0,149.0,Team 1 Dominates,873.0,632.0,874.0,631.0,1505.0,3
1075,164,364.0,240.0,41.0,2nd Innings Higher Scoring,528.0,281.0,404.0,405.0,809.0,0
1076,199,288.0,239.0,120.0,2nd Innings Higher Scoring,487.0,359.0,438.0,408.0,846.0,0
1077,446,358.0,267.0,191.0,Team 2 Dominates,804.0,458.0,713.0,549.0,1262.0,3
1079,110,202.0,269.0,181.0,2nd Innings Higher Scoring,312.0,450.0,379.0,383.0,762.0,0
1082,435,249.0,158.0,230.0,Team 2 Dominates,684.0,388.0,593.0,479.0,1072.0,1
1083,653,454.0,272.0,224.0,Team 2 Dominates,1107.0,496.0,925.0,678.0,1603.0,3
1084,519,432.0,320.0,343.0,Team 2 Dominates,951.0,663.0,839.0,775.0,1614.0,3
1087,160,373.0,287.0,77.0,2nd Innings Higher Scoring,533.0,364.0,447.0,450.0,897.0,0
1088,102,217.0,357.0,177.0,High Scoring Games,319.0,534.0,459.0,394.0,853.0,0
1089,261,345.0,181.0,98.0,2nd Innings Higher Scoring,606.0,279.0,442.0,443.0,885.0,0
1090,170,195.0,154.0,130.0,2nd Innings Higher Scoring,365.0,284.0,324.0,325.0,649.0,0
1091,294,122.0,173.0,242.0,Low Scoring Game,416.0,415.0,467.0,364.0,831.0,0
1092,194,152.0,114.0,157.0,2nd Innings Higher Scoring,346.0,271.0,308.0,309.0,617.0,0
1093,352,306.0,150.0,197.0,Low Scoring Game,658.0,347.0,502.0,503.0,1005.0,1
1094,518,469.0,205.0,113.0,Team 2 Dominates,987.0,318.0,723.0,582.0,1305.0,3
1095,386,229.0,314.0,335.0,High Scoring Games,615.0,649.0,700.0,564.0,1264.0,2
1096,244,307.0,182.0,120.0,2nd Innings Higher Scoring,551.0,302.0,426.0,427.0,853.0,0
1099,296,253.0,374.0,344.0,High Scoring Games,549.0,718.0,670.0,597.0,1267.0,2
1100,380,317.0,319.0,261.0,High Scoring Games,697.0,580.0,699.0,578.0,1277.0,2
1102,348,569.0,248.0,31.0,Team 1 Dominates,917.0,279.0,596.0,600.0,1196.0,1
1104,149,134.0,536.0,208.0,High Scoring Games,283.0,744.0,685.0,342.0,1027.0,2
1105,403,214.0,265.0,297.0,Low Scoring Game,617.0,562.0,668.0,511.0,1179.0,2
1106,198,173.0,252.0,162.0,2nd Innings Higher Scoring,371.0,414.0,450.0,335.0,785.0,0
1108,300,397.0,211.0,115.0,Team 1 Dominates,697.0,326.0,511.0,512.0,1023.0,1
1109,188,292.0,255.0,157.0,2nd Innings Higher Scoring,480.0,412.0,443.0,449.0,892.0,0
1110,419,176.0,146.0,385.0,Low Scoring Game,595.0,531.0,565.0,561.0,1126.0,2
1111,282,224.0,364.0,285.0,High Scoring Games,506.0,649.0,646.0,509.0,1155.0,2
1112,239,340.0,156.0,58.0,2nd Innings Higher Scoring,579.0,214.0,395.0,398.0,793.0,0
1113,263,349.0,213.0,128.0,2nd Innings Higher Scoring,612.0,341.0,476.0,477.0,953.0,1
1115,145,225.0,451.0,333.0,High Scoring Games,370.0,784.0,596.0,558.0,1154.0,2
1116,346,272.0,367.0,141.0,High Scoring Games,618.0,508.0,713.0,413.0,1126.0,2
1119,240,221.0,165.0,188.0,Low Scoring Game,461.0,353.0,405.0,409.0,814.0,0
1121,203,142.0,321.0,214.0,High Scoring Games,345.0,535.0,524.0,356.0,880.0,0
1122,305,432.0,359.0,43.0,Team 1 Dominates,737.0,402.0,664.0,475.0,1139.0,1
1123,262,345.0,283.0,148.0,Team 1 Dominates,607.0,431.0,545.0,493.0,1038.0,1
1125,255,293.0,175.0,141.0,2nd Innings Higher Scoring,548.0,316.0,430.0,434.0,864.0,0
1127,197,320.0,221.0,99.0,2nd Innings Higher Scoring,517.0,320.0,418.0,419.0,837.0,0
1128,207,380.0,174.0,5.0,2nd Innings Higher Scoring,587.0,179.0,381.0,385.0,766.0,0
1129,256,547.0,471.0,164.0,Team 1 Dominates,803.0,635.0,727.0,711.0,1438.0,3
1130,247,258.0,296.0,136.0,2nd Innings Higher Scoring,505.0,432.0,543.0,394.0,937.0,0
1133,325,219.0,222.0,197.0,Low Scoring Game,544.0,419.0,547.0,416.0,963.0,1
1134,335,283.0,262.0,137.0,2nd Innings Higher Scoring,618.0,399.0,597.0,420.0,1017.0,1
1136,292,227.0,252.0,141.0,2nd Innings Higher Scoring,519.0,393.0,544.0,368.0,912.0,0
1137,212,275.0,215.0,155.0,2nd Innings Higher Scoring,487.0,370.0,427.0,430.0,857.0,0
1138,360,276.0,130.0,29.0,2nd Innings Higher Scoring,636.0,159.0,490.0,305.0,795.0,0
1139,293,371.0,308.0,133.0,Team 1 Dominates,664.0,441.0,601.0,504.0,1105.0,1
1140,395,233.0,196.0,219.0,Low Scoring Game,628.0,415.0,591.0,452.0,1043.0,1
1142,252,213.0,146.0,184.0,Low Scoring Game,465.0,330.0,398.0,397.0,795.0,0
1145,394,102.0,73.0,361.0,Low Scoring Game,496.0,434.0,467.0,463.0,930.0,0
1146,216,264.0,174.0,93.0,2nd Innings Higher Scoring,480.0,267.0,390.0,357.0,747.0,0
1147,371,163.0,82.0,286.0,Low Scoring Game,534.0,368.0,453.0,449.0,902.0,0
1152,139,224.0,285.0,201.0,2nd Innings Higher Scoring,363.0,486.0,424.0,425.0,849.0,0
1154,380,469.0,228.0,142.0,Team 1 Dominates,849.0,370.0,608.0,611.0,1219.0,3
1155,127,140.0,382.0,165.0,High Scoring Games,267.0,547.0,509.0,305.0,814.0,0
1156,455,221.0,29.0,262.0,Team 2 Dominates,676.0,291.0,484.0,483.0,967.0,1
1158,289,210.0,432.0,332.0,High Scoring Games,499.0,764.0,721.0,542.0,1263.0,2
1160,321,373.0,422.0,202.0,High Scoring Games,694.0,624.0,743.0,575.0,1318.0,2
1162,276,408.0,251.0,120.0,Team 1 Dominates,684.0,371.0,527.0,528.0,1055.0,1
1163,380,303.0,313.0,229.0,High Scoring Games,683.0,542.0,693.0,532.0,1225.0,2
1165,366,254.0,359.0,236.0,High Scoring Games,620.0,595.0,725.0,490.0,1215.0,2
1167,331,267.0,300.0,251.0,High Scoring Games,598.0,551.0,631.0,518.0,1149.0,2
1170,398,419.0,323.0,166.0,Team 1 Dominates,817.0,489.0,721.0,585.0,1306.0,3
1173,423,289.0,131.0,134.0,Team 2 Dominates,712.0,265.0,554.0,423.0,977.0,1
1174,245,254.0,248.0,187.0,2nd Innings Higher Scoring,499.0,435.0,493.0,441.0,934.0,0
1178,169,292.0,239.0,111.0,2nd Innings Higher Scoring,461.0,350.0,408.0,403.0,811.0,0
1179,469,273.0,124.0,129.0,Team 2 Dominates,742.0,253.0,593.0,402.0,995.0,1
1183,242,215.0,110.0,141.0,2nd Innings Higher Scoring,457.0,251.0,352.0,356.0,708.0,0
1185,344,200.0,179.0,324.0,Low Scoring Game,544.0,503.0,523.0,524.0,1047.0,2
1186,234,407.0,267.0,95.0,Team 1 Dominates,641.0,362.0,501.0,502.0,1003.0,1
1188,252,328.0,269.0,46.0,2nd Innings Higher Scoring,580.0,315.0,521.0,374.0,895.0,0
1189,355,304.0,394.0,237.0,High Scoring Games,659.0,631.0,749.0,541.0,1290.0,2
1191,251,248.0,450.0,256.0,High Scoring Games,499.0,706.0,701.0,504.0,1205.0,2
1192,361,435.0,164.0,92.0,Team 1 Dominates,796.0,256.0,525.0,527.0,1052.0,1
1194,187,246.0,368.0,177.0,High Scoring Games,433.0,545.0,555.0,423.0,978.0,2
1196,476,281.0,211.0,254.0,Team 2 Dominates,757.0,465.0,687.0,535.0,1222.0,3
1198,357,180.0,278.0,99.0,Low Scoring Game,537.0,377.0,635.0,279.0,914.0,0
1199,477,447.0,267.0,116.0,Team 1 Dominates,924.0,383.0,744.0,563.0,1307.0,3
1200,332,304.0,175.0,205.0,Low Scoring Game,636.0,380.0,507.0,509.0,1016.0,1
1201,390,226.0,318.0,181.0,Low Scoring Game,616.0,499.0,708.0,407.0,1115.0,2
1203,337,256.0,232.0,315.0,Low Scoring Game,593.0,547.0,569.0,571.0,1140.0,2
1204,521,260.0,14.0,537.0,Team 2 Dominates,781.0,551.0,535.0,797.0,1332.0,3
1209,272,243.0,333.0,266.0,High Scoring Games,515.0,599.0,605.0,509.0,1114.0,2
1210,546,428.0,208.0,132.0,Team 2 Dominates,974.0,340.0,754.0,560.0,1314.0,3
1211,443,387.0,301.0,114.0,Team 1 Dominates,830.0,415.0,744.0,501.0,1245.0,3
1212,426,167.0,248.0,323.0,Low Scoring Game,593.0,571.0,674.0,490.0,1164.0,2
1213,279,212.0,320.0,92.0,2nd Innings Higher Scoring,491.0,412.0,599.0,304.0,903.0,0
1214,309,116.0,255.0,344.0,Low Scoring Game,425.0,599.0,564.0,460.0,1024.0,2
1215,353,419.0,328.0,156.0,Team 1 Dominates,772.0,484.0,681.0,575.0,1256.0,3
1216,402,295.0,345.0,123.0,Team 1 Dominates,697.0,468.0,747.0,418.0,1165.0,1
1217,411,279.0,194.0,189.0,Team 2 Dominates,690.0,383.0,605.0,468.0,1073.0,1
1218,185,226.0,192.0,153.0,2nd Innings Higher Scoring,411.0,345.0,377.0,379.0,756.0,0
1219,288,440.0,239.0,89.0,Team 1 Dominates,728.0,328.0,527.0,529.0,1056.0,1
1220,460,230.0,259.0,165.0,Team 2 Dominates,690.0,424.0,719.0,395.0,1114.0,1
1222,174,260.0,146.0,61.0,2nd Innings Higher Scoring,434.0,207.0,320.0,321.0,641.0,0
1223,231,243.0,250.0,139.0,2nd Innings Higher Scoring,474.0,389.0,481.0,382.0,863.0,0
1226,294,328.0,308.0,181.0,High Scoring Games,622.0,489.0,602.0,509.0,1111.0,2
1227,183,109.0,352.0,185.0,High Scoring Games,292.0,537.0,535.0,294.0,829.0,0
1228,233,307.0,411.0,0.0,Team 1 Dominates,540.0,411.0,644.0,307.0,951.0,1
1229,195,346.0,189.0,39.0,2nd Innings Higher Scoring,541.0,228.0,384.0,385.0,769.0,0
1230,216,260.0,300.0,80.0,2nd Innings Higher Scoring,476.0,380.0,516.0,340.0,856.0,0
1231,128,136.0,105.0,98.0,2nd Innings Higher Scoring,264.0,203.0,233.0,234.0,467.0,0
1233,199,282.0,208.0,129.0,2nd Innings Higher Scoring,481.0,337.0,407.0,411.0,818.0,0
1234,283,324.0,336.0,223.0,High Scoring Games,607.0,559.0,619.0,547.0,1166.0,2
1236,216,437.0,314.0,94.0,Team 1 Dominates,653.0,408.0,530.0,531.0,1061.0,1
1237,440,417.0,269.0,42.0,Team 1 Dominates,857.0,311.0,709.0,459.0,1168.0,1
1240,223,333.0,361.0,209.0,High Scoring Games,556.0,570.0,584.0,542.0,1126.0,2
1241,232,214.0,338.0,212.0,High Scoring Games,446.0,550.0,570.0,426.0,996.0,2
1242,170,346.0,283.0,108.0,2nd Innings Higher Scoring,516.0,391.0,453.0,454.0,907.0,0
1243,145,228.0,233.0,151.0,2nd Innings Higher Scoring,373.0,384.0,378.0,379.0,757.0,0
1247,267,198.0,306.0,220.0,High Scoring Games,465.0,526.0,573.0,418.0,991.0,2
1248,299,257.0,204.0,172.0,Low Scoring Game,556.0,376.0,503.0,429.0,932.0,1
1250,332,200.0,346.0,351.0,High Scoring Games,532.0,697.0,678.0,551.0,1229.0,2
1252,428,263.0,162.0,189.0,Team 2 Dominates,691.0,351.0,590.0,452.0,1042.0,1
1253,153,244.0,157.0,70.0,2nd Innings Higher Scoring,397.0,227.0,310.0,314.0,624.0,0
1254,208,286.0,434.0,195.0,High Scoring Games,494.0,629.0,642.0,481.0,1123.0,2
1256,500,233.0,41.0,307.0,Team 2 Dominates,733.0,348.0,541.0,540.0,1081.0,1
1257,502,317.0,215.0,252.0,Team 2 Dominates,819.0,467.0,717.0,569.0,1286.0,3
1258,230,196.0,222.0,208.0,Low Scoring Game,426.0,430.0,452.0,404.0,856.0,0
1259,251,326.0,441.0,246.0,High Scoring Games,577.0,687.0,692.0,572.0,1264.0,2
1260,195,472.0,305.0,29.0,Team 1 Dominates,667.0,334.0,500.0,501.0,1001.0,1
1261,548,437.0,184.0,130.0,Team 2 Dominates,985.0,314.0,732.0,567.0,1299.0,3
1262,214,313.0,219.0,121.0,2nd Innings Higher Scoring,527.0,340.0,433.0,434.0,867.0,0
1265,340,285.0,352.0,243.0,High Scoring Games,625.0,595.0,692.0,528.0,1220.0,2
1267,326,521.0,242.0,48.0,Team 1 Dominates,847.0,290.0,568.0,569.0,1137.0,1
1269,141,350.0,235.0,30.0,2nd Innings Higher Scoring,491.0,265.0,376.0,380.0,756.0,0
1270,182,361.0,234.0,58.0,2nd Innings Higher Scoring,543.0,292.0,416.0,419.0,835.0,0
1272,133,267.0,200.0,69.0,2nd Innings Higher Scoring,400.0,269.0,333.0,336.0,669.0,0
1273,223,244.0,190.0,105.0,2nd Innings Higher Scoring,467.0,295.0,413.0,349.0,762.0,0
1274,428,329.0,367.0,137.0,Team 1 Dominates,757.0,504.0,795.0,466.0,1261.0,3
1275,237,177.0,400.0,180.0,High Scoring Games,414.0,580.0,637.0,357.0,994.0,2
1276,155,191.0,311.0,231.0,High Scoring Games,346.0,542.0,466.0,422.0,888.0,0
1278,479,277.0,217.0,296.0,Team 2 Dominates,756.0,513.0,696.0,573.0,1269.0,3
1279,331,304.0,312.0,215.0,High Scoring Games,635.0,527.0,643.0,519.0,1162.0,2
1280,219,255.0,122.0,87.0,2nd Innings Higher Scoring,474.0,209.0,341.0,342.0,683.0,0
1282,243,384.0,194.0,57.0,2nd Innings Higher Scoring,627.0,251.0,437.0,441.0,878.0,0
1283,376,406.0,234.0,204.0,Team 1 Dominates,782.0,438.0,610.0,610.0,1220.0,3
1285,235,100.0,259.0,66.0,2nd Innings Higher Scoring,335.0,325.0,494.0,166.0,660.0,0
1286,529,359.0,256.0,144.0,Team 2 Dominates,888.0,400.0,785.0,503.0,1288.0,3
1287,410,321.0,266.0,228.0,Team 2 Dominates,731.0,494.0,676.0,549.0,1225.0,3
1290,346,228.0,186.0,307.0,Low Scoring Game,574.0,493.0,532.0,535.0,1067.0,2
1292,209,108.0,168.0,271.0,Low Scoring Game,317.0,439.0,377.0,379.0,756.0,0
1293,227,384.0,185.0,32.0,2nd Innings Higher Scoring,611.0,217.0,412.0,416.0,828.0,0
1294,427,346.0,241.0,99.0,Team 1 Dominates,773.0,340.0,668.0,445.0,1113.0,1
1296,298,319.0,140.0,81.0,2nd Innings Higher Scoring,617.0,221.0,438.0,400.0,838.0,0
1300,222,170.0,273.0,205.0,Low Scoring Game,392.0,478.0,495.0,375.0,870.0,0
1302,331,292.0,386.0,285.0,High Scoring Games,623.0,671.0,717.0,577.0,1294.0,2
1303,118,478.0,477.0,119.0,Team 1 Dominates,596.0,596.0,595.0,597.0,1192.0,2
1305,235,162.0,395.0,200.0,High Scoring Games,397.0,595.0,630.0,362.0,992.0,2
1307,427,313.0,336.0,186.0,Team 2 Dominates,740.0,522.0,763.0,499.0,1262.0,3
1308,180,220.0,163.0,104.0,2nd Innings Higher Scoring,400.0,267.0,343.0,324.0,667.0,0
1309,223,189.0,152.0,189.0,Low Scoring Game,412.0,341.0,375.0,378.0,753.0,0
1310,147,222.0,343.0,233.0,High Scoring Games,369.0,576.0,490.0,455.0,945.0,2
1312,332,375.0,415.0,281.0,High Scoring Games,707.0,696.0,747.0,656.0,1403.0,3
1313,298,207.0,311.0,304.0,High Scoring Games,505.0,615.0,609.0,511.0,1120.0,2
1314,461,403.0,227.0,275.0,Team 2 Dominates,864.0,502.0,688.0,678.0,1366.0,3
1317,239,308.0,214.0,92.0,2nd Innings Higher Scoring,547.0,306.0,453.0,400.0,853.0,0
1318,373,349.0,294.0,132.0,Team 1 Dominates,722.0,426.0,667.0,481.0,1148.0,1
1320,400,251.0,138.0,223.0,Low Scoring Game,651.0,361.0,538.0,474.0,1012.0,1
1323,216,417.0,212.0,15.0,Team 1 Dominates,633.0,227.0,428.0,432.0,860.0,0
1326,512,361.0,181.0,166.0,Team 2 Dominates,873.0,347.0,693.0,527.0,1220.0,3
1327,309,186.0,257.0,273.0,Low Scoring Game,495.0,530.0,566.0,459.0,1025.0,2
1329,517,350.0,193.0,227.0,Team 2 Dominates,867.0,420.0,710.0,577.0,1287.0,3
1330,469,140.0,10.0,338.0,Low Scoring Game,609.0,348.0,479.0,478.0,957.0,1
1331,251,225.0,299.0,326.0,High Scoring Games,476.0,625.0,550.0,551.0,1101.0,2
1333,214,191.0,258.0,282.0,Low Scoring Game,405.0,540.0,472.0,473.0,945.0,2
1334,159,145.0,210.0,225.0,Low Scoring Game,304.0,435.0,369.0,370.0,739.0,0
1335,352,170.0,197.0,137.0,Low Scoring Game,522.0,334.0,549.0,307.0,856.0,0
1336,403,262.0,233.0,112.0,Low Scoring Game,665.0,345.0,636.0,374.0,1010.0,1
1339,259,231.0,226.0,225.0,Low Scoring Game,490.0,451.0,485.0,456.0,941.0,0
1340,293,106.0,206.0,134.0,Low Scoring Game,399.0,340.0,499.0,240.0,739.0,0
1341,180,411.0,250.0,20.0,Team 1 Dominates,591.0,270.0,430.0,431.0,861.0,0
1343,257,328.0,418.0,168.0,High Scoring Games,585.0,586.0,675.0,496.0,1171.0,2
1345,424,400.0,169.0,195.0,Team 2 Dominates,824.0,364.0,593.0,595.0,1188.0,1
1346,321,256.0,302.0,258.0,High Scoring Games,577.0,560.0,623.0,514.0,1137.0,2
1347,277,354.0,268.0,192.0,Team 1 Dominates,631.0,460.0,545.0,546.0,1091.0,1
1348,418,306.0,264.0,306.0,Team 2 Dominates,724.0,570.0,682.0,612.0,1294.0,3
1349,303,200.0,122.0,226.0,Low Scoring Game,503.0,348.0,425.0,426.0,851.0,0
1350,305,285.0,444.0,297.0,High Scoring Games,590.0,741.0,749.0,582.0,1331.0,2
1352,206,193.0,282.0,131.0,2nd Innings Higher Scoring,399.0,413.0,488.0,324.0,812.0,0
1354,360,110.0,15.0,264.0,Low Scoring Game,470.0,279.0,375.0,374.0,749.0,0
1356,374,336.0,208.0,247.0,Team 2 Dominates,710.0,455.0,582.0,583.0,1165.0,1
1357,230,252.0,240.0,195.0,2nd Innings Higher Scoring,482.0,435.0,470.0,447.0,917.0,0
1358,445,591.0,181.0,37.0,Team 1 Dominates,1036.0,218.0,626.0,628.0,1254.0,3
1361,280,252.0,390.0,262.0,High Scoring Games,532.0,652.0,670.0,514.0,1184.0,2
1362,221,280.0,293.0,173.0,2nd Innings Higher Scoring,501.0,466.0,514.0,453.0,967.0,2
1363,485,375.0,237.0,179.0,Team 2 Dominates,860.0,416.0,722.0,554.0,1276.0,3
1364,112,240.0,191.0,64.0,2nd Innings Higher Scoring,352.0,255.0,303.0,304.0,607.0,0
1365,391,227.0,278.0,237.0,Low Scoring Game,618.0,515.0,669.0,464.0,1133.0,2
1366,270,340.0,244.0,162.0,2nd Innings Higher Scoring,610.0,406.0,514.0,502.0,1016.0,1
1367,322,220.0,184.0,188.0,Low Scoring Game,542.0,372.0,506.0,408.0,914.0,0
1368,261,268.0,170.0,164.0,2nd Innings Higher Scoring,529.0,334.0,431.0,432.0,863.0,0
1369,245,121.0,195.0,141.0,Low Scoring Game,366.0,336.0,440.0,262.0,702.0,0
1370,198,312.0,259.0,147.0,2nd Innings Higher Scoring,510.0,406.0,457.0,459.0,916.0,0
1371,406,212.0,226.0,271.0,Low Scoring Game,618.0,497.0,632.0,483.0,1115.0,2
1372,313,144.0,399.0,217.0,High Scoring Games,457.0,616.0,712.0,361.0,1073.0,2
1373,296,238.0,103.0,162.0,Low Scoring Game,534.0,265.0,399.0,400.0,799.0,0
1375,208,352.0,356.0,215.0,High Scoring Games,560.0,571.0,564.0,567.0,1131.0,2
1376,366,416.0,464.0,249.0,High Scoring Games,782.0,713.0,830.0,665.0,1495.0,3
1377,238,254.0,286.0,258.0,High Scoring Games,492.0,544.0,524.0,512.0,1036.0,2
1378,252,172.0,339.0,207.0,High Scoring Games,424.0,546.0,591.0,379.0,970.0,2
1379,185,223.0,316.0,232.0,High Scoring Games,408.0,548.0,501.0,455.0,956.0,2
1381,398,328.0,314.0,165.0,Team 1 Dominates,726.0,479.0,712.0,493.0,1205.0,1
1385,222,498.0,291.0,16.0,Team 1 Dominates,720.0,307.0,513.0,514.0,1027.0,1
1386,269,167.0,261.0,51.0,2nd Innings Higher Scoring,436.0,312.0,530.0,218.0,748.0,0
1387,256,431.0,177.0,3.0,Team 1 Dominates,687.0,180.0,433.0,434.0,867.0,1
1388,490,329.0,146.0,311.0,Team 2 Dominates,819.0,457.0,636.0,640.0,1276.0,3
1389,303,222.0,306.0,211.0,High Scoring Games,525.0,517.0,609.0,433.0,1042.0,2
1390,226,126.0,107.0,211.0,Low Scoring Game,352.0,318.0,333.0,337.0,670.0,0
1391,186,358.0,229.0,60.0,2nd Innings Higher Scoring,544.0,289.0,415.0,418.0,833.0,0
1393,236,153.0,162.0,162.0,Low Scoring Game,389.0,324.0,398.0,315.0,713.0,0
1394,188,234.0,140.0,95.0,2nd Innings Higher Scoring,422.0,235.0,328.0,329.0,657.0,0
1397,83,215.0,505.0,251.0,High Scoring Games,298.0,756.0,588.0,466.0,1054.0,2
1398,256,330.0,155.0,83.0,2nd Innings Higher Scoring,586.0,238.0,411.0,413.0,824.0,0
1399,583,308.0,148.0,252.0,Team 2 Dominates,891.0,400.0,731.0,560.0,1291.0,3
1400,194,422.0,232.0,5.0,Team 1 Dominates,616.0,237.0,426.0,427.0,853.0,0
1403,367,575.0,281.0,74.0,Team 1 Dominates,942.0,355.0,648.0,649.0,1297.0,3
1404,222,246.0,392.0,369.0,High Scoring Games,468.0,761.0,614.0,615.0,1229.0,2
1407,174,432.0,292.0,38.0,Team 1 Dominates,606.0,330.0,466.0,470.0,936.0,1
1408,218,231.0,197.0,36.0,2nd Innings Higher Scoring,449.0,233.0,415.0,267.0,682.0,0
1410,450,373.0,224.0,153.0,Team 2 Dominates,823.0,377.0,674.0,526.0,1200.0,1
1413,248,0.0,0.0,251.0,Low Scoring Game,248.0,251.0,248.0,251.0,499.0,0
1414,441,285.0,239.0,110.0,Team 2 Dominates,726.0,349.0,680.0,395.0,1075.0,1
1415,405,238.0,208.0,195.0,Low Scoring Game,643.0,403.0,613.0,433.0,1046.0,1
1417,365,393.0,97.0,70.0,Team 1 Dominates,758.0,167.0,462.0,463.0,925.0,1
1419,225,176.0,113.0,164.0,2nd Innings Higher Scoring,401.0,277.0,338.0,340.0,678.0,0
1421,182,353.0,390.0,220.0,High Scoring Games,535.0,610.0,572.0,573.0,1145.0,2
1422,268,199.0,224.0,236.0,Low Scoring Game,467.0,460.0,492.0,435.0,927.0,0
1423,256,227.0,421.0,228.0,High Scoring Games,483.0,649.0,677.0,455.0,1132.0,2
1424,214,163.0,229.0,218.0,Low Scoring Game,377.0,447.0,443.0,381.0,824.0,0
1425,298,419.0,294.0,177.0,Team 1 Dominates,717.0,471.0,592.0,596.0,1188.0,1
1426,232,252.0,229.0,212.0,2nd Innings Higher Scoring,484.0,441.0,461.0,464.0,925.0,0
1427,187,236.0,147.0,63.0,2nd Innings Higher Scoring,423.0,210.0,334.0,299.0,633.0,0
1428,308,339.0,102.0,75.0,2nd Innings Higher Scoring,647.0,177.0,410.0,414.0,824.0,0
1430,253,398.0,419.0,132.0,Team 1 Dominates,651.0,551.0,672.0,530.0,1202.0,2
1431,269,273.0,219.0,216.0,Low Scoring Game,542.0,435.0,488.0,489.0,977.0,1
1433,374,285.0,147.0,25.0,2nd Innings Higher Scoring,659.0,172.0,521.0,310.0,831.0,0
1434,273,266.0,123.0,131.0,2nd Innings Higher Scoring,539.0,254.0,396.0,397.0,793.0,0
1438,267,134.0,54.0,191.0,Low Scoring Game,401.0,245.0,321.0,325.0,646.0,0
1439,157,303.0,438.0,80.0,High Scoring Games,460.0,518.0,595.0,383.0,978.0,2
1441,281,125.0,217.0,215.0,Low Scoring Game,406.0,432.0,498.0,340.0,838.0,0
1443,253,308.0,231.0,169.0,2nd Innings Higher Scoring,561.0,400.0,484.0,477.0,961.0,1
1444,279,258.0,241.0,195.0,Low Scoring Game,537.0,436.0,520.0,453.0,973.0,1
1445,350,338.0,119.0,132.0,2nd Innings Higher Scoring,688.0,251.0,469.0,470.0,939.0,1
1446,465,166.0,74.0,370.0,Low Scoring Game,631.0,444.0,539.0,536.0,1075.0,1
1447,400,429.0,91.0,64.0,Team 1 Dominates,829.0,155.0,491.0,493.0,984.0,1
1449,316,342.0,269.0,125.0,Team 1 Dominates,658.0,394.0,585.0,467.0,1052.0,1
1450,405,388.0,158.0,176.0,Team 2 Dominates,793.0,334.0,563.0,564.0,1127.0,1
1451,471,229.0,103.0,342.0,Team 2 Dominates,700.0,445.0,574.0,571.0,1145.0,1
1452,298,361.0,148.0,89.0,2nd Innings Higher Scoring,659.0,237.0,446.0,450.0,896.0,1
1454,422,458.0,225.0,190.0,Team 1 Dominates,880.0,415.0,647.0,648.0,1295.0,3
1458,391,403.0,141.0,130.0,Team 1 Dominates,794.0,271.0,532.0,533.0,1065.0,1
1459,364,165.0,262.0,109.0,Low Scoring Game,529.0,371.0,626.0,274.0,900.0,0
1460,272,452.0,352.0,174.0,Team 1 Dominates,724.0,526.0,624.0,626.0,1250.0,3
1461,487,340.0,153.0,60.0,Team 2 Dominates,827.0,213.0,640.0,400.0,1040.0,1
1462,420,216.0,140.0,149.0,Low Scoring Game,636.0,289.0,560.0,365.0,925.0,1
1466,297,387.0,250.0,161.0,Team 1 Dominates,684.0,411.0,547.0,548.0,1095.0,1
1467,241,249.0,81.0,74.0,2nd Innings Higher Scoring,490.0,155.0,322.0,323.0,645.0,0
1468,176,349.0,219.0,47.0,2nd Innings Higher Scoring,525.0,266.0,395.0,396.0,791.0,0
1469,445,171.0,212.0,657.0,Team 2 Dominates,616.0,869.0,657.0,828.0,1485.0,2
1470,391,501.0,264.0,155.0,Team 1 Dominates,892.0,419.0,655.0,656.0,1311.0,3
1471,346,252.0,336.0,131.0,High Scoring Games,598.0,467.0,682.0,383.0,1065.0,1
1474,304,332.0,333.0,142.0,Team 1 Dominates,636.0,475.0,637.0,474.0,1111.0,1
1475,286,342.0,287.0,162.0,Team 1 Dominates,628.0,449.0,573.0,504.0,1077.0,1
1476,454,387.0,197.0,88.0,Team 1 Dominates,841.0,285.0,651.0,475.0,1126.0,1
1477,247,140.0,215.0,240.0,Low Scoring Game,387.0,455.0,462.0,380.0,842.0,0
1478,225,141.0,301.0,255.0,High Scoring Games,366.0,556.0,526.0,396.0,922.0,2
1480,254,421.0,266.0,100.0,Team 1 Dominates,675.0,366.0,520.0,521.0,1041.0,1
1482,403,357.0,323.0,261.0,Team 2 Dominates,760.0,584.0,726.0,618.0,1344.0,3
1483,173,318.0,328.0,184.0,High Scoring Games,491.0,512.0,501.0,502.0,1003.0,2
1484,237,315.0,234.0,157.0,2nd Innings Higher Scoring,552.0,391.0,471.0,472.0,943.0,1
1486,187,401.0,227.0,14.0,2nd Innings Higher Scoring,588.0,241.0,414.0,415.0,829.0,0
1487,185,190.0,162.0,158.0,2nd Innings Higher Scoring,375.0,320.0,347.0,348.0,695.0,0
1488,447,309.0,176.0,315.0,Team 2 Dominates,756.0,491.0,623.0,624.0,1247.0,3
1491,131,347.0,563.0,98.0,High Scoring Games,478.0,661.0,694.0,445.0,1139.0,2
1492,187,362.0,180.0,6.0,2nd Innings Higher Scoring,549.0,186.0,367.0,368.0,735.0,0
1493,274,232.0,221.0,264.0,Low Scoring Game,506.0,485.0,495.0,496.0,991.0,2
1497,234,528.0,325.0,33.0,Team 1 Dominates,762.0,358.0,559.0,561.0,1120.0,1
1498,600,286.0,79.0,391.0,Team 2 Dominates,886.0,470.0,679.0,677.0,1356.0,3
1500,379,563.0,237.0,54.0,Team 1 Dominates,942.0,291.0,616.0,617.0,1233.0,3
1501,362,201.0,233.0,206.0,Low Scoring Game,563.0,439.0,595.0,407.0,1002.0,1
1502,486,287.0,84.0,274.0,Team 2 Dominates,773.0,358.0,570.0,561.0,1131.0,1
1504,534,351.0,256.0,381.0,Team 2 Dominates,885.0,637.0,790.0,732.0,1522.0,3
1506,542,251.0,11.0,301.0,Team 2 Dominates,793.0,312.0,553.0,552.0,1105.0,1
1507,448,590.0,144.0,6.0,Team 1 Dominates,1038.0,150.0,592.0,596.0,1188.0,1
1508,288,191.0,224.0,190.0,Low Scoring Game,479.0,414.0,512.0,381.0,893.0,0
1509,390,627.0,262.0,27.0,Team 1 Dominates,1017.0,289.0,652.0,654.0,1306.0,3
1510,238,469.0,235.0,5.0,Team 1 Dominates,707.0,240.0,473.0,474.0,947.0,1
1511,407,291.0,257.0,198.0,Team 2 Dominates,698.0,455.0,664.0,489.0,1153.0,1
1513,439,374.0,309.0,128.0,Team 1 Dominates,813.0,437.0,748.0,502.0,1250.0,3
1514,277,487.0,219.0,10.0,Team 1 Dominates,764.0,229.0,496.0,497.0,993.0,1
1515,554,154.0,54.0,452.0,Team 2 Dominates,708.0,506.0,608.0,606.0,1214.0,3
1520,418,236.0,212.0,79.0,Low Scoring Game,654.0,291.0,630.0,315.0,945.0,1
1523,493,366.0,214.0,171.0,Team 2 Dominates,859.0,385.0,707.0,537.0,1244.0,3
1524,472,264.0,225.0,189.0,Team 2 Dominates,736.0,414.0,697.0,453.0,1150.0,1
1526,329,354.0,146.0,126.0,2nd Innings Higher Scoring,683.0,272.0,475.0,480.0,955.0,1
1528,239,382.0,473.0,334.0,High Scoring Games,621.0,807.0,712.0,716.0,1428.0,2
1529,315,167.0,186.0,340.0,Low Scoring Game,482.0,526.0,501.0,507.0,1008.0,2
1530,228,147.0,468.0,451.0,High Scoring Games,375.0,919.0,696.0,598.0,1294.0,2
1531,280,218.0,293.0,158.0,High Scoring Games,498.0,451.0,573.0,376.0,949.0,0
1532,202,160.0,269.0,233.0,Low Scoring Game,362.0,502.0,471.0,393.0,864.0,0
1534,339,245.0,218.0,275.0,Low Scoring Game,584.0,493.0,557.0,520.0,1077.0,2
1535,102,394.0,296.0,5.0,2nd Innings Higher Scoring,496.0,301.0,398.0,399.0,797.0,0
1537,422,212.0,197.0,252.0,Low Scoring Game,634.0,449.0,619.0,464.0,1083.0,1
1539,555,275.0,42.0,529.0,Team 2 Dominates,830.0,571.0,597.0,804.0,1401.0,3
1541,512,253.0,50.0,308.0,Team 2 Dominates,765.0,358.0,562.0,561.0,1123.0,1
1542,337,107.0,243.0,269.0,Low Scoring Game,444.0,512.0,580.0,376.0,956.0,2
1545,373,164.0,263.0,184.0,Low Scoring Game,537.0,447.0,636.0,348.0,984.0,1
1546,487,221.0,301.0,397.0,Team 2 Dominates,708.0,698.0,788.0,618.0,1406.0,3
1550,467,279.0,127.0,274.0,Team 2 Dominates,746.0,401.0,594.0,553.0,1147.0,1
1554,167,316.0,229.0,81.0,2nd Innings Higher Scoring,483.0,310.0,396.0,397.0,793.0,0
1558,492,325.0,296.0,79.0,Team 2 Dominates,817.0,375.0,788.0,404.0,1192.0,1
1561,551,270.0,107.0,387.0,Team 2 Dominates,821.0,494.0,658.0,657.0,1315.0,3
1562,362,363.0,452.0,226.0,High Scoring Games,725.0,678.0,814.0,589.0,1403.0,3
1564,323,448.0,245.0,124.0,Team 1 Dominates,771.0,369.0,568.0,572.0,1140.0,1
1565,285,225.0,369.0,310.0,High Scoring Games,510.0,679.0,654.0,535.0,1189.0,2
1566,178,403.0,281.0,57.0,Team 1 Dominates,581.0,338.0,459.0,460.0,919.0,1
1568,194,296.0,212.0,111.0,2nd Innings Higher Scoring,490.0,323.0,406.0,407.0,813.0,0
1569,161,247.0,121.0,36.0,2nd Innings Higher Scoring,408.0,157.0,282.0,283.0,565.0,0
1570,99,94.0,154.0,160.0,2nd Innings Higher Scoring,193.0,314.0,253.0,254.0,507.0,0
1571,368,161.0,45.0,250.0,Low Scoring Game,529.0,295.0,413.0,411.0,824.0,0
1573,237,489.0,398.0,147.0,Team 1 Dominates,726.0,545.0,635.0,636.0,1271.0,3
1574,576,408.0,238.0,288.0,Team 2 Dominates,984.0,526.0,814.0,696.0,1510.0,3
1575,605,328.0,8.0,284.0,Team 2 Dominates,933.0,292.0,613.0,612.0,1225.0,3
1576,240,240.0,417.0,418.0,High Scoring Games,480.0,835.0,657.0,658.0,1315.0,2
1580,305,298.0,183.0,72.0,2nd Innings Higher Scoring,603.0,255.0,488.0,370.0,858.0,0
1584,208,191.0,194.0,212.0,Low Scoring Game,399.0,406.0,402.0,403.0,805.0,0
1587,594,408.0,134.0,110.0,Team 2 Dominates,1002.0,244.0,728.0,518.0,1246.0,3
1589,445,362.0,118.0,131.0,Team 2 Dominates,807.0,249.0,563.0,493.0,1056.0,1
1590,342,307.0,365.0,209.0,High Scoring Games,649.0,574.0,707.0,516.0,1223.0,2
1591,484,604.0,229.0,110.0,Team 1 Dominates,1088.0,339.0,713.0,714.0,1427.0,3
1592,288,346.0,274.0,217.0,High Scoring Games,634.0,491.0,562.0,563.0,1125.0,1
1593,361,295.0,96.0,165.0,Low Scoring Game,656.0,261.0,457.0,460.0,917.0,1
1594,281,175.0,154.0,262.0,Low Scoring Game,456.0,416.0,435.0,437.0,872.0,0
1595,500,340.0,209.0,272.0,Team 2 Dominates,840.0,481.0,709.0,612.0,1321.0,3
1598,308,403.0,266.0,172.0,Team 1 Dominates,711.0,438.0,574.0,575.0,1149.0,1
1599,320,401.0,241.0,164.0,Team 1 Dominates,721.0,405.0,561.0,565.0,1126.0,1
1600,278,348.0,371.0,242.0,High Scoring Games,626.0,613.0,649.0,590.0,1239.0,2
1601,203,295.0,255.0,164.0,2nd Innings Higher Scoring,498.0,419.0,458.0,459.0,917.0,0
1602,326,152.0,293.0,138.0,Low Scoring Game,478.0,431.0,619.0,290.0,909.0,0
1603,507,335.0,200.0,207.0,Team 2 Dominates,842.0,407.0,707.0,542.0,1249.0,3
1604,481,377.0,128.0,104.0,Team 2 Dominates,858.0,232.0,609.0,481.0,1090.0,1
1605,331,235.0,226.0,210.0,Low Scoring Game,566.0,436.0,557.0,445.0,1002.0,1
1606,382,294.0,279.0,285.0,Team 2 Dominates,676.0,564.0,661.0,579.0,1240.0,2
1608,323,409.0,284.0,73.0,Team 1 Dominates,732.0,357.0,607.0,482.0,1089.0,1
1609,556,523.0,196.0,233.0,Team 2 Dominates,1079.0,429.0,752.0,756.0,1508.0,3
1610,366,558.0,286.0,97.0,Team 1 Dominates,924.0,383.0,652.0,655.0,1307.0,3
1611,705,474.0,211.0,357.0,Team 2 Dominates,1179.0,568.0,916.0,831.0,1747.0,3
1612,561,410.0,226.0,188.0,Team 2 Dominates,971.0,414.0,787.0,598.0,1385.0,3
1614,532,427.0,335.0,354.0,Team 2 Dominates,959.0,689.0,867.0,781.0,1648.0,3
1615,604,301.0,46.0,348.0,Team 2 Dominates,905.0,394.0,650.0,649.0,1299.0,3
1617,366,196.0,103.0,277.0,Low Scoring Game,562.0,380.0,469.0,473.0,942.0,1
1618,441,331.0,242.0,169.0,Team 2 Dominates,772.0,411.0,683.0,500.0,1183.0,1
1620,220,381.0,512.0,154.0,High Scoring Games,601.0,666.0,732.0,535.0,1267.0,2
1621,120,211.0,442.0,324.0,High Scoring Games,331.0,766.0,562.0,535.0,1097.0,2
1622,401,407.0,375.0,248.0,Team 1 Dominates,808.0,623.0,776.0,655.0,1431.0,3
1623,459,509.0,313.0,39.0,Team 1 Dominates,968.0,352.0,772.0,548.0,1320.0,3
1624,296,595.0,349.0,53.0,Team 1 Dominates,891.0,402.0,645.0,648.0,1293.0,3
1625,297,316.0,252.0,234.0,Low Scoring Game,613.0,486.0,549.0,550.0,1099.0,1
1626,311,339.0,47.0,20.0,2nd Innings Higher Scoring,650.0,67.0,358.0,359.0,717.0,0
1627,208,319.0,209.0,99.0,2nd Innings Higher Scoring,527.0,308.0,417.0,418.0,835.0,0
1628,224,226.0,94.0,93.0,2nd Innings Higher Scoring,450.0,187.0,318.0,319.0,637.0,0
1631,287,489.0,241.0,40.0,Team 1 Dominates,776.0,281.0,528.0,529.0,1057.0,1
1635,386,441.0,336.0,282.0,Team 1 Dominates,827.0,618.0,722.0,723.0,1445.0,3
1636,409,526.0,161.0,45.0,Team 1 Dominates,935.0,206.0,570.0,571.0,1141.0,1
1637,384,319.0,218.0,284.0,Team 2 Dominates,703.0,502.0,602.0,603.0,1205.0,1
1638,416,352.0,271.0,113.0,Team 1 Dominates,768.0,384.0,687.0,465.0,1152.0,1
1640,207,97.0,201.0,162.0,Low Scoring Game,304.0,363.0,408.0,259.0,667.0,0
1641,517,455.0,292.0,183.0,Team 2 Dominates,972.0,475.0,809.0,638.0,1447.0,3
1642,568,416.0,325.0,267.0,Team 2 Dominates,984.0,592.0,893.0,683.0,1576.0,3
1643,566,336.0,248.0,222.0,Team 2 Dominates,902.0,470.0,814.0,558.0,1372.0,3
1644,395,330.0,165.0,231.0,Team 2 Dominates,725.0,396.0,560.0,561.0,1121.0,1
1645,470,152.0,4.0,318.0,Low Scoring Game,622.0,322.0,474.0,470.0,944.0,1
1646,486,376.0,214.0,203.0,Team 2 Dominates,862.0,417.0,700.0,579.0,1279.0,3
1647,470,189.0,211.0,179.0,Low Scoring Game,659.0,390.0,681.0,368.0,1049.0,1
1648,474,246.0,228.0,239.0,Team 2 Dominates,720.0,467.0,702.0,485.0,1187.0,1
1649,235,376.0,369.0,19.0,Team 1 Dominates,611.0,388.0,604.0,395.0,999.0,1
1650,398,185.0,329.0,200.0,Low Scoring Game,583.0,529.0,727.0,385.0,1112.0,2
1651,104,203.0,205.0,93.0,2nd Innings Higher Scoring,307.0,298.0,309.0,296.0,605.0,0
1654,243,264.0,438.0,216.0,High Scoring Games,507.0,654.0,681.0,480.0,1161.0,2
1655,208,478.0,406.0,139.0,Team 1 Dominates,686.0,545.0,614.0,617.0,1231.0,2
1657,575,251.0,139.0,250.0,Team 2 Dominates,826.0,389.0,714.0,501.0,1215.0,3
1659,305,411.0,222.0,120.0,Team 1 Dominates,716.0,342.0,527.0,531.0,1058.0,1
1662,381,179.0,361.0,72.0,High Scoring Games,560.0,433.0,742.0,251.0,993.0,1
1663,341,379.0,163.0,127.0,Team 1 Dominates,720.0,290.0,504.0,506.0,1010.0,1
1664,304,568.0,325.0,62.0,Team 1 Dominates,872.0,387.0,629.0,630.0,1259.0,3
1665,337,425.0,229.0,145.0,Team 1 Dominates,762.0,374.0,566.0,570.0,1136.0,1
1666,139,332.0,570.0,290.0,High Scoring Games,471.0,860.0,709.0,622.0,1331.0,2
1667,441,163.0,222.0,304.0,Low Scoring Game,604.0,526.0,663.0,467.0,1130.0,2
1668,411,419.0,332.0,247.0,Team 2 Dominates,830.0,579.0,743.0,666.0,1409.0,3
1669,247,359.0,296.0,73.0,Team 1 Dominates,606.0,369.0,543.0,432.0,975.0,1
1670,488,312.0,204.0,154.0,Team 2 Dominates,800.0,358.0,692.0,466.0,1158.0,1
1671,298,211.0,286.0,285.0,High Scoring Games,509.0,571.0,584.0,496.0,1080.0,2
1674,312,516.0,496.0,85.0,Team 1 Dominates,828.0,581.0,808.0,601.0,1409.0,3
1675,407,393.0,407.0,226.0,Team 1 Dominates,800.0,633.0,814.0,619.0,1433.0,3
1676,570,449.0,261.0,214.0,Team 2 Dominates,1019.0,475.0,831.0,663.0,1494.0,3
1677,433,432.0,131.0,135.0,Team 2 Dominates,865.0,266.0,564.0,567.0,1131.0,1
1679,292,383.0,254.0,166.0,Team 1 Dominates,675.0,420.0,546.0,549.0,1095.0,1
1681,347,398.0,194.0,146.0,Team 1 Dominates,745.0,340.0,541.0,544.0,1085.0,1
1682,561,498.0,238.0,7.0,Team 1 Dominates,1059.0,245.0,799.0,505.0,1304.0,3
1687,345,144.0,371.0,296.0,High Scoring Games,489.0,667.0,716.0,440.0,1156.0,2
1689,374,404.0,309.0,143.0,Team 1 Dominates,778.0,452.0,683.0,547.0,1230.0,3
1690,285,227.0,113.0,172.0,Low Scoring Game,512.0,285.0,398.0,399.0,797.0,0
1691,190,155.0,384.0,180.0,High Scoring Games,345.0,564.0,574.0,335.0,909.0,2
1692,150,148.0,375.0,137.0,High Scoring Games,298.0,512.0,525.0,285.0,810.0,0
1693,407,308.0,182.0,279.0,Team 2 Dominates,715.0,461.0,589.0,587.0,1176.0,1
1695,444,302.0,280.0,371.0,Team 2 Dominates,746.0,651.0,724.0,673.0,1397.0,3
1697,477,218.0,129.0,387.0,Team 2 Dominates,695.0,516.0,606.0,605.0,1211.0,2
1698,373,367.0,335.0,4.0,Team 1 Dominates,740.0,339.0,708.0,371.0,1079.0,1
1702,161,366.0,223.0,19.0,2nd Innings Higher Scoring,527.0,242.0,384.0,385.0,769.0,0
1703,345,190.0,199.0,144.0,Low Scoring Game,535.0,343.0,544.0,334.0,878.0,0
1704,435,210.0,283.0,129.0,Low Scoring Game,645.0,412.0,718.0,339.0,1057.0,1
1705,528,445.0,296.0,214.0,Team 2 Dominates,973.0,510.0,824.0,659.0,1483.0,3
1707,515,538.0,345.0,155.0,Team 1 Dominates,1053.0,500.0,860.0,693.0,1553.0,3
1710,141,295.0,231.0,81.0,2nd Innings Higher Scoring,436.0,312.0,372.0,376.0,748.0,0
1711,231,229.0,322.0,190.0,High Scoring Games,460.0,512.0,553.0,419.0,972.0,2
1712,274,418.0,341.0,175.0,Team 1 Dominates,692.0,516.0,615.0,593.0,1208.0,2
1713,149,406.0,334.0,78.0,Team 1 Dominates,555.0,412.0,483.0,484.0,967.0,1
1714,405,428.0,204.0,182.0,Team 1 Dominates,833.0,386.0,609.0,610.0,1219.0,3
1715,462,446.0,268.0,164.0,Team 1 Dominates,908.0,432.0,730.0,610.0,1340.0,3
1718,290,230.0,375.0,247.0,High Scoring Games,520.0,622.0,665.0,477.0,1142.0,2
1719,398,206.0,316.0,249.0,Low Scoring Game,604.0,565.0,714.0,455.0,1169.0,2
1720,258,296.0,528.0,287.0,High Scoring Games,554.0,815.0,786.0,583.0,1369.0,2
1721,355,311.0,321.0,181.0,High Scoring Games,666.0,502.0,676.0,492.0,1168.0,2
1722,451,359.0,194.0,288.0,Team 2 Dominates,810.0,482.0,645.0,647.0,1292.0,3
1724,588,603.0,490.0,21.0,Team 1 Dominates,1191.0,511.0,1078.0,624.0,1702.0,3
1725,245,238.0,599.0,265.0,High Scoring Games,483.0,864.0,844.0,503.0,1347.0,2
1726,319,338.0,181.0,163.0,2nd Innings Higher Scoring,657.0,344.0,500.0,501.0,1001.0,1
1727,234,316.0,201.0,120.0,2nd Innings Higher Scoring,550.0,321.0,435.0,436.0,871.0,0
1728,427,269.0,148.0,307.0,Team 2 Dominates,696.0,455.0,575.0,576.0,1151.0,1
1730,275,257.0,272.0,263.0,High Scoring Games,532.0,535.0,547.0,520.0,1067.0,2
1731,192,372.0,215.0,37.0,2nd Innings Higher Scoring,564.0,252.0,407.0,409.0,816.0,0
1733,300,338.0,181.0,144.0,2nd Innings Higher Scoring,638.0,325.0,481.0,482.0,963.0,1
1734,400,279.0,191.0,100.0,Low Scoring Game,679.0,291.0,591.0,379.0,970.0,1
1735,205,308.0,197.0,95.0,2nd Innings Higher Scoring,513.0,292.0,402.0,403.0,805.0,0
1736,369,267.0,307.0,297.0,High Scoring Games,636.0,604.0,676.0,564.0,1240.0,2
1737,303,270.0,258.0,294.0,Low Scoring Game,573.0,552.0,561.0,564.0,1125.0,2
1738,276,327.0,299.0,120.0,Team 1 Dominates,603.0,419.0,575.0,447.0,1022.0,1
1740,119,186.0,283.0,220.0,High Scoring Games,305.0,503.0,402.0,406.0,808.0,0
1741,185,176.0,448.0,337.0,High Scoring Games,361.0,785.0,633.0,513.0,1146.0,2
1742,279,170.0,73.0,183.0,Low Scoring Game,449.0,256.0,352.0,353.0,705.0,0
1743,393,323.0,297.0,260.0,Team 2 Dominates,716.0,557.0,690.0,583.0,1273.0,3
1744,241,371.0,521.0,298.0,High Scoring Games,612.0,819.0,762.0,669.0,1431.0,2
1746,581,362.0,172.0,298.0,Team 2 Dominates,943.0,470.0,753.0,660.0,1413.0,3
1747,200,103.0,171.0,219.0,Low Scoring Game,303.0,390.0,371.0,322.0,693.0,0
1749,361,321.0,311.0,352.0,High Scoring Games,682.0,663.0,672.0,673.0,1345.0,3
1750,249,84.0,236.0,278.0,Low Scoring Game,333.0,514.0,485.0,362.0,847.0,0
1751,328,240.0,265.0,179.0,Low Scoring Game,568.0,444.0,593.0,419.0,1012.0,1
1752,414,373.0,169.0,211.0,Team 2 Dominates,787.0,380.0,583.0,584.0,1167.0,1
1753,602,157.0,202.0,370.0,Team 2 Dominates,759.0,572.0,804.0,527.0,1331.0,3
1754,551,513.0,129.0,168.0,Team 2 Dominates,1064.0,297.0,680.0,681.0,1361.0,3
1755,244,215.0,527.0,350.0,High Scoring Games,459.0,877.0,771.0,565.0,1336.0,2
1757,291,393.0,147.0,46.0,Team 1 Dominates,684.0,193.0,438.0,439.0,877.0,1
1758,313,417.0,302.0,199.0,Team 1 Dominates,730.0,501.0,615.0,616.0,1231.0,3
1759,124,265.0,331.0,191.0,High Scoring Games,389.0,522.0,455.0,456.0,911.0,0
1760,157,183.0,186.0,161.0,2nd Innings Higher Scoring,340.0,347.0,343.0,344.0,687.0,0
1761,154,206.0,170.0,119.0,2nd Innings Higher Scoring,360.0,289.0,324.0,325.0,649.0,0
1762,268,130.0,365.0,286.0,High Scoring Games,398.0,651.0,633.0,416.0,1049.0,2
1763,206,485.0,291.0,13.0,Team 1 Dominates,691.0,304.0,497.0,498.0,995.0,1
1765,304,260.0,399.0,244.0,High Scoring Games,564.0,643.0,703.0,504.0,1207.0,2
1766,553,437.0,284.0,89.0,Team 2 Dominates,990.0,373.0,837.0,526.0,1363.0,3
1768,370,229.0,313.0,394.0,High Scoring Games,599.0,707.0,683.0,623.0,1306.0,2
1769,287,400.0,222.0,111.0,Team 1 Dominates,687.0,333.0,509.0,511.0,1020.0,1
1770,298,201.0,282.0,282.0,Low Scoring Game,499.0,564.0,580.0,483.0,1063.0,2
1771,198,481.0,355.0,73.0,Team 1 Dominates,679.0,428.0,553.0,554.0,1107.0,1
1772,664,345.0,180.0,369.0,Team 2 Dominates,1009.0,549.0,844.0,714.0,1558.0,3
1773,387,238.0,100.0,104.0,Low Scoring Game,625.0,204.0,487.0,342.0,829.0,0
1775,188,281.0,442.0,261.0,High Scoring Games,469.0,703.0,630.0,542.0,1172.0,2
1779,542,246.0,210.0,410.0,Team 2 Dominates,788.0,620.0,752.0,656.0,1408.0,3
1780,343,196.0,351.0,161.0,High Scoring Games,539.0,512.0,694.0,357.0,1051.0,2
1781,463,532.0,401.0,210.0,Team 1 Dominates,995.0,611.0,864.0,742.0,1606.0,3
1782,330,212.0,294.0,340.0,High Scoring Games,542.0,634.0,624.0,552.0,1176.0,2
1788,381,202.0,114.0,294.0,Low Scoring Game,583.0,408.0,495.0,496.0,991.0,1
1791,203,522.0,327.0,9.0,Team 1 Dominates,725.0,336.0,530.0,531.0,1061.0,1
1792,231,314.0,363.0,283.0,High Scoring Games,545.0,646.0,594.0,597.0,1191.0,2
1793,194,316.0,318.0,198.0,High Scoring Games,510.0,516.0,512.0,514.0,1026.0,2
1794,231,276.0,247.0,203.0,2nd Innings Higher Scoring,507.0,450.0,478.0,479.0,957.0,0
1795,616,456.0,184.0,214.0,Team 2 Dominates,1072.0,398.0,800.0,670.0,1470.0,3
1796,626,537.0,284.0,162.0,Team 2 Dominates,1163.0,446.0,910.0,699.0,1609.0,3
1797,226,118.0,422.0,172.0,High Scoring Games,344.0,594.0,648.0,290.0,938.0,2
1799,408,195.0,175.0,260.0,Low Scoring Game,603.0,435.0,583.0,455.0,1038.0,1
1800,243,321.0,262.0,186.0,2nd Innings Higher Scoring,564.0,448.0,505.0,507.0,1012.0,1
1802,450,291.0,264.0,263.0,Team 2 Dominates,741.0,527.0,714.0,554.0,1268.0,3
1803,357,206.0,305.0,316.0,High Scoring Games,563.0,621.0,662.0,522.0,1184.0,2
1804,137,357.0,254.0,39.0,2nd Innings Higher Scoring,494.0,293.0,391.0,396.0,787.0,0
1806,470,348.0,177.0,110.0,Team 2 Dominates,818.0,287.0,647.0,458.0,1105.0,1
1807,342,198.0,293.0,311.0,Low Scoring Game,540.0,604.0,635.0,509.0,1144.0,2
1808,253,168.0,467.0,431.0,High Scoring Games,421.0,898.0,720.0,599.0,1319.0,2
1809,476,280.0,240.0,315.0,Team 2 Dominates,756.0,555.0,716.0,595.0,1311.0,3
1810,278,294.0,268.0,254.0,High Scoring Games,572.0,522.0,546.0,548.0,1094.0,2
1811,431,312.0,167.0,191.0,Team 2 Dominates,743.0,358.0,598.0,503.0,1101.0,1
1812,479,352.0,244.0,266.0,Team 2 Dominates,831.0,510.0,723.0,618.0,1341.0,3
1813,251,216.0,439.0,387.0,High Scoring Games,467.0,826.0,690.0,603.0,1293.0,2
1814,192,170.0,182.0,205.0,Low Scoring Game,362.0,387.0,374.0,375.0,749.0,0
1818,265,325.0,121.0,64.0,2nd Innings Higher Scoring,590.0,185.0,386.0,389.0,775.0,0
1820,329,292.0,269.0,136.0,2nd Innings Higher Scoring,621.0,405.0,598.0,428.0,1026.0,1
1821,249,396.0,268.0,123.0,Team 1 Dominates,645.0,391.0,517.0,519.0,1036.0,1
1822,430,360.0,228.0,177.0,Team 2 Dominates,790.0,405.0,658.0,537.0,1195.0,1
1823,469,268.0,314.0,195.0,Team 2 Dominates,737.0,509.0,783.0,463.0,1246.0,3
1824,613,577.0,208.0,31.0,Team 1 Dominates,1190.0,239.0,821.0,608.0,1429.0,3
1825,441,355.0,295.0,209.0,Team 2 Dominates,796.0,504.0,736.0,564.0,1300.0,3
1827,425,215.0,311.0,406.0,Team 2 Dominates,640.0,717.0,736.0,621.0,1357.0,2
1830,332,160.0,373.0,348.0,High Scoring Games,492.0,721.0,705.0,508.0,1213.0,2
1833,466,220.0,207.0,291.0,Team 2 Dominates,686.0,498.0,673.0,511.0,1184.0,1
1834,352,138.0,331.0,370.0,High Scoring Games,490.0,701.0,683.0,508.0,1191.0,2
1836,214,156.0,268.0,177.0,Low Scoring Game,370.0,445.0,482.0,333.0,815.0,0
1838,375,281.0,319.0,414.0,High Scoring Games,656.0,733.0,694.0,695.0,1389.0,2
1839,394,459.0,247.0,183.0,Team 1 Dominates,853.0,430.0,641.0,642.0,1283.0,3
1840,445,327.0,257.0,272.0,Team 2 Dominates,772.0,529.0,702.0,599.0,1301.0,3
1844,546,544.0,237.0,114.0,Team 1 Dominates,1090.0,351.0,783.0,658.0,1441.0,3
1845,316,241.0,311.0,387.0,High Scoring Games,557.0,698.0,627.0,628.0,1255.0,2
1846,453,302.0,251.0,64.0,Team 2 Dominates,755.0,315.0,704.0,366.0,1070.0,1
1847,245,171.0,242.0,317.0,Low Scoring Game,416.0,559.0,487.0,488.0,975.0,2
1849,279,520.0,279.0,39.0,Team 1 Dominates,799.0,318.0,558.0,559.0,1117.0,1
1850,379,197.0,434.0,281.0,High Scoring Games,576.0,715.0,813.0,478.0,1291.0,2
1852,307,371.0,375.0,220.0,High Scoring Games,678.0,595.0,682.0,591.0,1273.0,2
1853,293,178.0,405.0,413.0,High Scoring Games,471.0,818.0,698.0,591.0,1289.0,2
1854,384,208.0,447.0,158.0,High Scoring Games,592.0,605.0,831.0,366.0,1197.0,2
1855,377,152.0,32.0,256.0,Low Scoring Game,529.0,288.0,409.0,408.0,817.0,0
1858,418,356.0,301.0,228.0,Team 2 Dominates,774.0,529.0,719.0,584.0,1303.0,3
1860,291,273.0,447.0,296.0,High Scoring Games,564.0,743.0,738.0,569.0,1307.0,2
1864,566,285.0,221.0,370.0,Team 2 Dominates,851.0,591.0,787.0,655.0,1442.0,3
1865,238,307.0,345.0,181.0,High Scoring Games,545.0,526.0,583.0,488.0,1071.0,2
1866,237,232.0,209.0,217.0,Low Scoring Game,469.0,426.0,446.0,449.0,895.0,0
1867,292,342.0,217.0,117.0,2nd Innings Higher Scoring,634.0,334.0,509.0,459.0,968.0,1
1868,90,240.0,320.0,171.0,2nd Innings Higher Scoring,330.0,491.0,410.0,411.0,821.0,0
1869,299,233.0,425.0,391.0,High Scoring Games,532.0,816.0,724.0,624.0,1348.0,2
1870,452,299.0,259.0,210.0,Team 2 Dominates,751.0,469.0,711.0,509.0,1220.0,3
1871,416,234.0,311.0,397.0,Team 2 Dominates,650.0,708.0,727.0,631.0,1358.0,2
1873,451,439.0,317.0,212.0,Team 2 Dominates,890.0,529.0,768.0,651.0,1419.0,3
1874,520,312.0,150.0,323.0,Team 2 Dominates,832.0,473.0,670.0,635.0,1305.0,3
1875,454,258.0,225.0,251.0,Team 2 Dominates,712.0,476.0,679.0,509.0,1188.0,1
1876,127,333.0,381.0,139.0,High Scoring Games,460.0,520.0,508.0,472.0,980.0,2
1877,519,301.0,219.0,206.0,Team 2 Dominates,820.0,425.0,738.0,507.0,1245.0,3
1878,429,332.0,153.0,218.0,Team 2 Dominates,761.0,371.0,582.0,550.0,1132.0,1
1879,264,99.0,239.0,263.0,Low Scoring Game,363.0,502.0,503.0,362.0,865.0,0
1880,223,471.0,455.0,90.0,Team 1 Dominates,694.0,545.0,678.0,561.0,1239.0,2
1881,553,408.0,258.0,282.0,Team 2 Dominates,961.0,540.0,811.0,690.0,1501.0,3
1882,459,157.0,106.0,407.0,Low Scoring Game,616.0,513.0,565.0,564.0,1129.0,2
1883,231,264.0,511.0,302.0,High Scoring Games,495.0,813.0,742.0,566.0,1308.0,2
1884,253,148.0,334.0,289.0,High Scoring Games,401.0,623.0,587.0,437.0,1024.0,2
1885,88,258.0,349.0,180.0,High Scoring Games,346.0,529.0,437.0,438.0,875.0,0
1886,505,282.0,163.0,382.0,Team 2 Dominates,787.0,545.0,668.0,664.0,1332.0,3
1888,354,182.0,262.0,80.0,Low Scoring Game,536.0,342.0,616.0,262.0,878.0,0
1889,72,251.0,296.0,118.0,2nd Innings Higher Scoring,323.0,414.0,368.0,369.0,737.0,0
1890,233,308.0,222.0,148.0,2nd Innings Higher Scoring,541.0,370.0,455.0,456.0,911.0,0
1892,599,296.0,209.0,331.0,Team 2 Dominates,895.0,540.0,808.0,627.0,1435.0,3
1893,419,496.0,285.0,209.0,Team 1 Dominates,915.0,494.0,704.0,705.0,1409.0,3
1894,260,481.0,517.0,107.0,Team 1 Dominates,741.0,624.0,777.0,588.0,1365.0,3
1896,268,187.0,309.0,123.0,2nd Innings Higher Scoring,455.0,432.0,577.0,310.0,887.0,0
1902,243,242.0,413.0,301.0,High Scoring Games,485.0,714.0,656.0,543.0,1199.0,2
1903,233,544.0,312.0,2.0,Team 1 Dominates,777.0,314.0,545.0,546.0,1091.0,1
1904,352,102.0,206.0,293.0,Low Scoring Game,454.0,499.0,558.0,395.0,953.0,2
1906,231,346.0,161.0,49.0,2nd Innings Higher Scoring,577.0,210.0,392.0,395.0,787.0,0
1909,520,276.0,96.0,338.0,Team 2 Dominates,796.0,434.0,616.0,614.0,1230.0,3
1911,425,436.0,267.0,258.0,Team 2 Dominates,861.0,525.0,692.0,694.0,1386.0,3
1912,380,248.0,318.0,343.0,High Scoring Games,628.0,661.0,698.0,591.0,1289.0,2
1913,584,434.0,203.0,153.0,Team 2 Dominates,1018.0,356.0,787.0,587.0,1374.0,3
1915,205,131.0,228.0,215.0,Low Scoring Game,336.0,443.0,433.0,346.0,779.0,0
1916,362,364.0,341.0,166.0,Team 1 Dominates,726.0,507.0,703.0,530.0,1233.0,3
1917,428,405.0,192.0,216.0,Team 2 Dominates,833.0,408.0,620.0,621.0,1241.0,3
1918,478,495.0,223.0,207.0,Team 2 Dominates,973.0,430.0,701.0,702.0,1403.0,3
1919,487,459.0,266.0,22.0,Team 1 Dominates,946.0,288.0,753.0,481.0,1234.0,3
1920,350,472.0,448.0,68.0,Team 1 Dominates,822.0,516.0,798.0,540.0,1338.0,3
1923,387,243.0,57.0,12.0,2nd Innings Higher Scoring,630.0,69.0,444.0,255.0,699.0,0
1925,275,367.0,110.0,21.0,2nd Innings Higher Scoring,642.0,131.0,385.0,388.0,773.0,0
1926,356,376.0,293.0,226.0,Team 1 Dominates,732.0,519.0,649.0,602.0,1251.0,3
1928,486,479.0,335.0,127.0,Team 1 Dominates,965.0,462.0,821.0,606.0,1427.0,3
1930,474,286.0,269.0,261.0,Team 2 Dominates,760.0,530.0,743.0,547.0,1290.0,3
1931,221,288.0,544.0,158.0,High Scoring Games,509.0,702.0,765.0,446.0,1211.0,2
1934,226,160.0,152.0,178.0,Low Scoring Game,386.0,330.0,378.0,338.0,716.0,0
1935,272,223.0,377.0,230.0,High Scoring Games,495.0,607.0,649.0,453.0,1102.0,2
1936,246,173.0,252.0,262.0,Low Scoring Game,419.0,514.0,498.0,435.0,933.0,0
1937,201,190.0,269.0,202.0,2nd Innings Higher Scoring,391.0,471.0,470.0,392.0,862.0,0
1938,204,347.0,322.0,94.0,2nd Innings Higher Scoring,551.0,416.0,526.0,441.0,967.0,1
1939,284,96.0,47.0,236.0,Low Scoring Game,380.0,283.0,331.0,332.0,663.0,0
1940,266,296.0,339.0,310.0,High Scoring Games,562.0,649.0,605.0,606.0,1211.0,2
1942,338,168.0,279.0,241.0,Low Scoring Game,506.0,520.0,617.0,409.0,1026.0,2
1943,580,239.0,2.0,342.0,Team 2 Dominates,819.0,344.0,582.0,581.0,1163.0,1
1944,273,105.0,210.0,253.0,Low Scoring Game,378.0,463.0,483.0,358.0,841.0,0
1946,316,473.0,488.0,7.0,Team 1 Dominates,789.0,495.0,804.0,480.0,1284.0,3
1947,295,427.0,150.0,19.0,Team 1 Dominates,722.0,169.0,445.0,446.0,891.0,1
1948,150,136.0,226.0,233.0,Low Scoring Game,286.0,459.0,376.0,369.0,745.0,0
1949,333,282.0,240.0,169.0,Low Scoring Game,615.0,409.0,573.0,451.0,1024.0,1
1952,604,272.0,167.0,201.0,Team 2 Dominates,876.0,368.0,771.0,473.0,1244.0,3
1954,238,273.0,435.0,137.0,High Scoring Games,511.0,572.0,673.0,410.0,1083.0,2
1955,185,253.0,168.0,103.0,2nd Innings Higher Scoring,438.0,271.0,353.0,356.0,709.0,0
1956,474,275.0,189.0,200.0,Team 2 Dominates,749.0,389.0,663.0,475.0,1138.0,1
1957,318,193.0,214.0,264.0,Low Scoring Game,511.0,478.0,532.0,457.0,989.0,2
1958,275,460.0,278.0,97.0,Team 1 Dominates,735.0,375.0,553.0,557.0,1110.0,1
1959,370,287.0,291.0,244.0,High Scoring Games,657.0,535.0,661.0,531.0,1192.0,2
1960,412,466.0,141.0,88.0,Team 1 Dominates,878.0,229.0,553.0,554.0,1107.0,1
1961,426,313.0,252.0,331.0,Team 2 Dominates,739.0,583.0,678.0,644.0,1322.0,3
1962,197,511.0,483.0,21.0,Team 1 Dominates,708.0,504.0,680.0,532.0,1212.0,2
1963,239,403.0,257.0,94.0,Team 1 Dominates,642.0,351.0,496.0,497.0,993.0,1
1964,413,340.0,181.0,87.0,Team 1 Dominates,753.0,268.0,594.0,427.0,1021.0,1
1965,192,338.0,160.0,15.0,2nd Innings Higher Scoring,530.0,175.0,352.0,353.0,705.0,0
1966,257,327.0,214.0,72.0,2nd Innings Higher Scoring,584.0,286.0,471.0,399.0,870.0,0
1967,99,141.0,365.0,252.0,High Scoring Games,240.0,617.0,464.0,393.0,857.0,0
1968,350,244.0,119.0,100.0,Low Scoring Game,594.0,219.0,469.0,344.0,813.0,0
1969,355,231.0,383.0,278.0,High Scoring Games,586.0,661.0,738.0,509.0,1247.0,2
1970,243,398.0,345.0,193.0,Team 1 Dominates,641.0,538.0,588.0,591.0,1179.0,2
1971,370,428.0,165.0,111.0,Team 1 Dominates,798.0,276.0,535.0,539.0,1074.0,1
1974,419,425.0,258.0,130.0,Team 1 Dominates,844.0,388.0,677.0,555.0,1232.0,3
1975,309,315.0,351.0,294.0,High Scoring Games,624.0,645.0,660.0,609.0,1269.0,2
1976,304,209.0,180.0,276.0,Low Scoring Game,513.0,456.0,484.0,485.0,969.0,1
1978,590,482.0,134.0,242.0,Team 2 Dominates,1072.0,376.0,724.0,724.0,1448.0,3
1980,338,470.0,234.0,107.0,Team 1 Dominates,808.0,341.0,572.0,577.0,1149.0,1
1981,449,406.0,148.0,192.0,Team 2 Dominates,855.0,340.0,597.0,598.0,1195.0,1
1982,311,257.0,160.0,53.0,2nd Innings Higher Scoring,568.0,213.0,471.0,310.0,781.0,0
1983,328,218.0,259.0,294.0,Low Scoring Game,546.0,553.0,587.0,512.0,1099.0,2
1984,351,522.0,272.0,102.0,Team 1 Dominates,873.0,374.0,623.0,624.0,1247.0,3
1985,260,209.0,154.0,206.0,Low Scoring Game,469.0,360.0,414.0,415.0,829.0,0
1986,472,100.0,137.0,300.0,Low Scoring Game,572.0,437.0,609.0,400.0,1009.0,1
1987,551,391.0,100.0,86.0,Team 2 Dominates,942.0,186.0,651.0,477.0,1128.0,1
1988,226,337.0,380.0,195.0,High Scoring Games,563.0,575.0,606.0,532.0,1138.0,2
1989,521,191.0,80.0,406.0,Team 2 Dominates,712.0,486.0,601.0,597.0,1198.0,1
1990,327,413.0,142.0,58.0,Team 1 Dominates,740.0,200.0,469.0,471.0,940.0,1
1991,316,523.0,247.0,41.0,Team 1 Dominates,839.0,288.0,563.0,564.0,1127.0,1
1994,365,353.0,248.0,262.0,Team 2 Dominates,718.0,510.0,613.0,615.0,1228.0,3
1995,232,207.0,213.0,68.0,2nd Innings Higher Scoring,439.0,281.0,445.0,275.0,720.0,0
1996,354,174.0,287.0,220.0,Low Scoring Game,528.0,507.0,641.0,394.0,1035.0,2
1997,215,280.0,375.0,296.0,High Scoring Games,495.0,671.0,590.0,576.0,1166.0,2
1998,361,128.0,349.0,235.0,High Scoring Games,489.0,584.0,710.0,363.0,1073.0,2
1999,527,368.0,172.0,37.0,Team 2 Dominates,895.0,209.0,699.0,405.0,1104.0,1
2000,238,270.0,330.0,224.0,High Scoring Games,508.0,554.0,568.0,494.0,1062.0,2
2001,492,377.0,111.0,206.0,Team 2 Dominates,869.0,317.0,603.0,583.0,1186.0,1
2004,253,49.0,275.0,268.0,Low Scoring Game,302.0,543.0,528.0,317.0,845.0,0
2005,338,326.0,169.0,182.0,Low Scoring Game,664.0,351.0,507.0,508.0,1015.0,1
2009,443,204.0,241.0,315.0,Low Scoring Game,647.0,556.0,684.0,519.0,1203.0,2
2011,550,388.0,267.0,248.0,Team 2 Dominates,938.0,515.0,817.0,636.0,1453.0,3
2012,225,163.0,569.0,322.0,High Scoring Games,388.0,891.0,794.0,485.0,1279.0,2
2013,450,336.0,278.0,255.0,Team 2 Dominates,786.0,533.0,728.0,591.0,1319.0,3
2015,294,432.0,278.0,141.0,Team 1 Dominates,726.0,419.0,572.0,573.0,1145.0,1
2016,221,247.0,118.0,93.0,2nd Innings Higher Scoring,468.0,211.0,339.0,340.0,679.0,0
2017,412,244.0,194.0,195.0,Low Scoring Game,656.0,389.0,606.0,439.0,1045.0,1
2018,527,556.0,273.0,167.0,Team 1 Dominates,1083.0,440.0,800.0,723.0,1523.0,3
2019,387,648.0,287.0,30.0,Team 1 Dominates,1035.0,317.0,674.0,678.0,1352.0,3
2020,295,136.0,401.0,179.0,High Scoring Games,431.0,580.0,696.0,315.0,1011.0,2
2021,570,172.0,132.0,312.0,Team 2 Dominates,742.0,444.0,702.0,484.0,1186.0,1
2022,385,251.0,369.0,353.0,High Scoring Games,636.0,722.0,754.0,604.0,1358.0,2
2023,255,204.0,179.0,231.0,Low Scoring Game,459.0,410.0,434.0,435.0,869.0,0
2024,326,155.0,276.0,166.0,Low Scoring Game,481.0,442.0,602.0,321.0,923.0,0
2025,211,307.0,107.0,12.0,2nd Innings Higher Scoring,518.0,119.0,318.0,319.0,637.0,0
2027,380,572.0,241.0,50.0,Team 1 Dominates,952.0,291.0,621.0,622.0,1243.0,3
2029,408,499.0,223.0,136.0,Team 1 Dominates,907.0,359.0,631.0,635.0,1266.0,3
2030,262,272.0,164.0,158.0,2nd Innings Higher Scoring,534.0,322.0,426.0,430.0,856.0,0
2031,570,638.0,335.0,70.0,Team 1 Dominates,1208.0,405.0,905.0,708.0,1613.0,3
2032,240,346.0,265.0,160.0,2nd Innings Higher Scoring,586.0,425.0,505.0,506.0,1011.0,1
2033,389,134.0,227.0,147.0,Low Scoring Game,523.0,374.0,616.0,281.0,897.0,0
2034,391,282.0,291.0,257.0,Team 2 Dominates,673.0,548.0,682.0,539.0,1221.0,2
2035,280,244.0,421.0,450.0,High Scoring Games,524.0,871.0,701.0,694.0,1395.0,2
2036,334,500.0,223.0,59.0,Team 1 Dominates,834.0,282.0,557.0,559.0,1116.0,1
2037,397,206.0,290.0,200.0,Low Scoring Game,603.0,490.0,687.0,406.0,1093.0,2
2038,423,246.0,270.0,216.0,Team 2 Dominates,669.0,486.0,693.0,462.0,1155.0,1
2039,494,287.0,303.0,265.0,Team 2 Dominates,781.0,568.0,797.0,552.0,1349.0,3
2040,249,442.0,232.0,45.0,Team 1 Dominates,691.0,277.0,481.0,487.0,968.0,1
2042,204,383.0,480.0,158.0,High Scoring Games,587.0,638.0,684.0,541.0,1225.0,2
2043,165,388.0,359.0,137.0,Team 1 Dominates,553.0,496.0,524.0,525.0,1049.0,2
2044,428,341.0,214.0,302.0,Team 2 Dominates,769.0,516.0,642.0,643.0,1285.0,3
2045,249,327.0,419.0,120.0,High Scoring Games,576.0,539.0,668.0,447.0,1115.0,2
2046,294,230.0,199.0,239.0,Low Scoring Game,524.0,438.0,493.0,469.0,962.0,1
2047,609,213.0,79.0,507.0,Team 2 Dominates,822.0,586.0,688.0,720.0,1408.0,3
2049,367,349.0,103.0,124.0,2nd Innings Higher Scoring,716.0,227.0,470.0,473.0,943.0,1
2050,503,202.0,105.0,366.0,Team 2 Dominates,705.0,471.0,608.0,568.0,1176.0,1
2051,192,438.0,680.0,166.0,High Scoring Games,630.0,846.0,872.0,604.0,1476.0,2
2053,295,319.0,342.0,223.0,High Scoring Games,614.0,565.0,637.0,542.0,1179.0,2
2054,569,330.0,205.0,178.0,Team 2 Dominates,899.0,383.0,774.0,508.0,1282.0,3
2057,575,453.0,267.0,201.0,Team 2 Dominates,1028.0,468.0,842.0,654.0,1496.0,3
2058,257,365.0,457.0,249.0,High Scoring Games,622.0,706.0,714.0,614.0,1328.0,2
2059,469,501.0,287.0,173.0,Team 1 Dominates,970.0,460.0,756.0,674.0,1430.0,3
2064,587,426.0,305.0,271.0,Team 2 Dominates,1013.0,576.0,892.0,697.0,1589.0,3
2067,329,421.0,215.0,124.0,Team 1 Dominates,750.0,339.0,544.0,545.0,1089.0,1
2068,454,303.0,286.0,216.0,Team 2 Dominates,757.0,502.0,740.0,519.0,1259.0,3
2069,570,261.0,293.0,246.0,Team 2 Dominates,831.0,539.0,863.0,507.0,1370.0,3
2070,455,292.0,206.0,216.0,Team 2 Dominates,747.0,422.0,661.0,508.0,1169.0,1
2071,421,282.0,229.0,159.0,Team 2 Dominates,703.0,388.0,650.0,441.0,1091.0,1
2072,508,262.0,156.0,216.0,Team 2 Dominates,770.0,372.0,664.0,478.0,1142.0,1
2073,221,460.0,331.0,95.0,Team 1 Dominates,681.0,426.0,552.0,555.0,1107.0,1
2074,293,317.0,331.0,254.0,High Scoring Games,610.0,585.0,624.0,571.0,1195.0,2
2075,484,182.0,13.0,314.0,Team 2 Dominates,666.0,327.0,497.0,496.0,993.0,1
2076,380,161.0,269.0,192.0,Low Scoring Game,541.0,461.0,649.0,353.0,1002.0,1
2077,256,397.0,181.0,44.0,Team 1 Dominates,653.0,225.0,437.0,441.0,878.0,1
2078,566,262.0,175.0,231.0,Team 2 Dominates,828.0,406.0,741.0,493.0,1234.0,3
2079,403,393.0,250.0,196.0,Team 2 Dominates,796.0,446.0,653.0,589.0,1242.0,3
2081,389,523.0,478.0,220.0,Team 1 Dominates,912.0,698.0,867.0,743.0,1610.0,3
2082,350,350.0,454.0,255.0,High Scoring Games,700.0,709.0,804.0,605.0,1409.0,3
2083,430,308.0,289.0,242.0,Team 2 Dominates,738.0,531.0,719.0,550.0,1269.0,3
2084,566,312.0,254.0,103.0,Team 2 Dominates,878.0,357.0,820.0,415.0,1235.0,3
2085,136,281.0,265.0,124.0,2nd Innings Higher Scoring,417.0,389.0,401.0,405.0,806.0,0
2088,451,533.0,180.0,99.0,Team 1 Dominates,984.0,279.0,631.0,632.0,1263.0,3
2089,320,332.0,282.0,165.0,Team 1 Dominates,652.0,447.0,602.0,497.0,1099.0,1
2090,441,138.0,107.0,407.0,Low Scoring Game,579.0,514.0,548.0,545.0,1093.0,2
2091,221,356.0,524.0,196.0,High Scoring Games,577.0,720.0,745.0,552.0,1297.0,2
2092,517,444.0,290.0,315.0,Team 2 Dominates,961.0,605.0,807.0,759.0,1566.0,3
2093,408,505.0,224.0,130.0,Team 1 Dominates,913.0,354.0,632.0,635.0,1267.0,3
2094,530,465.0,318.0,174.0,Team 2 Dominates,995.0,492.0,848.0,639.0,1487.0,3
2095,572,475.0,251.0,252.0,Team 2 Dominates,1047.0,503.0,823.0,727.0,1550.0,3
2096,240,254.0,114.0,101.0,2nd Innings Higher Scoring,494.0,215.0,354.0,355.0,709.0,0
2097,433,368.0,248.0,151.0,Team 2 Dominates,801.0,399.0,681.0,519.0,1200.0,1
2098,503,374.0,319.0,262.0,Team 2 Dominates,877.0,581.0,822.0,636.0,1458.0,3
2099,399,295.0,333.0,350.0,High Scoring Games,694.0,683.0,732.0,645.0,1377.0,3
2100,299,464.0,307.0,144.0,Team 1 Dominates,763.0,451.0,606.0,608.0,1214.0,1
2101,257,189.0,123.0,194.0,Low Scoring Game,446.0,317.0,380.0,383.0,763.0,0
2102,303,214.0,326.0,174.0,High Scoring Games,517.0,500.0,629.0,388.0,1017.0,2
2104,313,323.0,83.0,74.0,2nd Innings Higher Scoring,636.0,157.0,396.0,397.0,793.0,0
2105,475,342.0,248.0,101.0,Team 2 Dominates,817.0,349.0,723.0,443.0,1166.0,1
2106,148,318.0,216.0,47.0,2nd Innings Higher Scoring,466.0,263.0,364.0,365.0,729.0,0
2107,399,220.0,212.0,114.0,Low Scoring Game,619.0,326.0,611.0,334.0,945.0,1
2111,557,203.0,195.0,221.0,Team 2 Dominates,760.0,416.0,752.0,424.0,1176.0,1
2112,300,417.0,206.0,92.0,Team 1 Dominates,717.0,298.0,506.0,509.0,1015.0,1
2113,138,315.0,329.0,153.0,2nd Innings Higher Scoring,453.0,482.0,467.0,468.0,935.0,0
2114,278,215.0,313.0,382.0,High Scoring Games,493.0,695.0,591.0,597.0,1188.0,2
2116,556,317.0,264.0,295.0,Team 2 Dominates,873.0,559.0,820.0,612.0,1432.0,3
2117,559,624.0,385.0,104.0,Team 1 Dominates,1183.0,489.0,944.0,728.0,1672.0,3
2118,202,224.0,208.0,187.0,2nd Innings Higher Scoring,426.0,395.0,410.0,411.0,821.0,0
2120,551,271.0,179.0,282.0,Team 2 Dominates,822.0,461.0,730.0,553.0,1283.0,3
2122,183,375.0,367.0,112.0,Team 1 Dominates,558.0,479.0,550.0,487.0,1037.0,2
2123,393,306.0,325.0,134.0,Team 1 Dominates,699.0,459.0,718.0,440.0,1158.0,1
2124,312,201.0,274.0,268.0,Low Scoring Game,513.0,542.0,586.0,469.0,1055.0,2
2125,523,598.0,173.0,74.0,Team 1 Dominates,1121.0,247.0,696.0,672.0,1368.0,3
2126,378,242.0,354.0,312.0,High Scoring Games,620.0,666.0,732.0,554.0,1286.0,2
2127,234,306.0,355.0,156.0,High Scoring Games,540.0,511.0,589.0,462.0,1051.0,2
2128,201,184.0,200.0,109.0,2nd Innings Higher Scoring,385.0,309.0,401.0,293.0,694.0,0
2130,215,79.0,173.0,185.0,Low Scoring Game,294.0,358.0,388.0,264.0,652.0,0
2131,334,121.0,267.0,143.0,Low Scoring Game,455.0,410.0,601.0,264.0,865.0,0
2133,498,101.0,80.0,475.0,Low Scoring Game,599.0,555.0,578.0,576.0,1154.0,2
2134,416,288.0,233.0,78.0,Team 1 Dominates,704.0,311.0,649.0,366.0,1015.0,1
2135,339,272.0,215.0,207.0,Low Scoring Game,611.0,422.0,554.0,479.0,1033.0,1
2136,589,198.0,173.0,234.0,Team 2 Dominates,787.0,407.0,762.0,432.0,1194.0,1
2137,297,400.0,445.0,201.0,High Scoring Games,697.0,646.0,742.0,601.0,1343.0,3
2138,328,542.0,253.0,42.0,Team 1 Dominates,870.0,295.0,581.0,584.0,1165.0,1
2139,431,294.0,267.0,282.0,Team 2 Dominates,725.0,549.0,698.0,576.0,1274.0,3
2140,292,237.0,133.0,189.0,Low Scoring Game,529.0,322.0,425.0,426.0,851.0,0
2142,370,505.0,335.0,201.0,Team 1 Dominates,875.0,536.0,705.0,706.0,1411.0,3
2144,200,163.0,206.0,171.0,2nd Innings Higher Scoring,363.0,377.0,406.0,334.0,740.0,0
2146,481,214.0,132.0,195.0,Team 2 Dominates,695.0,327.0,613.0,409.0,1022.0,1
2147,286,205.0,406.0,281.0,High Scoring Games,491.0,687.0,692.0,486.0,1178.0,2
2148,392,110.0,224.0,224.0,Low Scoring Game,502.0,448.0,616.0,334.0,950.0,1
2150,117,203.0,353.0,161.0,High Scoring Games,320.0,514.0,470.0,364.0,834.0,0
2151,281,106.0,237.0,183.0,Low Scoring Game,387.0,420.0,518.0,289.0,807.0,0
2152,355,379.0,347.0,160.0,Team 1 Dominates,734.0,507.0,702.0,539.0,1241.0,3
2153,242,244.0,540.0,361.0,High Scoring Games,486.0,901.0,782.0,605.0,1387.0,2
2155,259,383.0,250.0,127.0,Team 1 Dominates,642.0,377.0,509.0,510.0,1019.0,1
2156,429,142.0,202.0,450.0,Low Scoring Game,571.0,652.0,631.0,592.0,1223.0,2
2158,538,315.0,241.0,244.0,Team 2 Dominates,853.0,485.0,779.0,559.0,1338.0,3
2159,595,539.0,160.0,217.0,Team 2 Dominates,1134.0,377.0,755.0,756.0,1511.0,3
2160,289,354.0,173.0,111.0,2nd Innings Higher Scoring,643.0,284.0,462.0,465.0,927.0,1
2161,133,200.0,171.0,108.0,2nd Innings Higher Scoring,333.0,279.0,304.0,308.0,612.0,0
2162,271,216.0,313.0,230.0,High Scoring Games,487.0,543.0,584.0,446.0,1030.0,2
2164,268,359.0,171.0,83.0,2nd Innings Higher Scoring,627.0,254.0,439.0,442.0,881.0,1
2168,353,225.0,217.0,108.0,Low Scoring Game,578.0,325.0,570.0,333.0,903.0,1
2171,582,362.0,166.0,132.0,Team 2 Dominates,944.0,298.0,748.0,494.0,1242.0,3
2172,293,248.0,240.0,263.0,Low Scoring Game,541.0,503.0,533.0,511.0,1044.0,2
2173,220,244.0,296.0,164.0,2nd Innings Higher Scoring,464.0,460.0,516.0,408.0,924.0,0
2174,318,262.0,377.0,236.0,High Scoring Games,580.0,613.0,695.0,498.0,1193.0,2
2175,316,204.0,263.0,197.0,Low Scoring Game,520.0,460.0,579.0,401.0,980.0,1
2176,557,299.0,216.0,153.0,Team 2 Dominates,856.0,369.0,773.0,452.0,1225.0,3
2177,458,361.0,233.0,119.0,Team 2 Dominates,819.0,352.0,691.0,480.0,1171.0,1
2178,335,205.0,343.0,133.0,High Scoring Games,540.0,476.0,678.0,338.0,1016.0,2
2179,353,175.0,313.0,252.0,Low Scoring Game,528.0,565.0,666.0,427.0,1093.0,2
2180,362,226.0,243.0,202.0,Low Scoring Game,588.0,445.0,605.0,428.0,1033.0,1
2182,258,427.0,490.0,322.0,High Scoring Games,685.0,812.0,748.0,749.0,1497.0,3
2183,123,194.0,177.0,107.0,2nd Innings Higher Scoring,317.0,284.0,300.0,301.0,601.0,0
2184,537,488.0,260.0,172.0,Team 2 Dominates,1025.0,432.0,797.0,660.0,1457.0,3
2185,455,255.0,204.0,158.0,Team 2 Dominates,710.0,362.0,659.0,413.0,1072.0,1
2186,283,417.0,236.0,104.0,Team 1 Dominates,700.0,340.0,519.0,521.0,1040.0,1
2189,687,388.0,159.0,250.0,Team 2 Dominates,1075.0,409.0,846.0,638.0,1484.0,3
2190,579,357.0,123.0,289.0,Team 2 Dominates,936.0,412.0,702.0,646.0,1348.0,3
2191,452,224.0,227.0,322.0,Team 2 Dominates,676.0,549.0,679.0,546.0,1225.0,2
2192,281,337.0,208.0,154.0,2nd Innings Higher Scoring,618.0,362.0,489.0,491.0,980.0,1
2193,537,373.0,247.0,186.0,Team 2 Dominates,910.0,433.0,784.0,559.0,1343.0,3
2194,504,272.0,258.0,233.0,Team 2 Dominates,776.0,491.0,762.0,505.0,1267.0,3
2195,260,105.0,285.0,107.0,Low Scoring Game,365.0,392.0,545.0,212.0,757.0,0
2196,189,276.0,274.0,112.0,2nd Innings Higher Scoring,465.0,386.0,463.0,388.0,851.0,0
2198,300,332.0,137.0,106.0,2nd Innings Higher Scoring,632.0,243.0,437.0,438.0,875.0,0
2199,302,328.0,195.0,173.0,2nd Innings Higher Scoring,630.0,368.0,497.0,501.0,998.0,1
2200,442,227.0,138.0,233.0,Low Scoring Game,669.0,371.0,580.0,460.0,1040.0,1
2204,496,320.0,247.0,90.0,Team 2 Dominates,816.0,337.0,743.0,410.0,1153.0,1
2206,351,162.0,227.0,298.0,Low Scoring Game,513.0,525.0,578.0,460.0,1038.0,2
2207,243,382.0,239.0,102.0,Team 1 Dominates,625.0,341.0,482.0,484.0,966.0,1
2208,311,255.0,373.0,107.0,High Scoring Games,566.0,480.0,684.0,362.0,1046.0,2
2209,488,221.0,344.0,119.0,Team 2 Dominates,709.0,463.0,832.0,340.0,1172.0,1
2210,286,407.0,152.0,36.0,Team 1 Dominates,693.0,188.0,438.0,443.0,881.0,1
2211,312,393.0,268.0,81.0,Team 1 Dominates,705.0,349.0,580.0,474.0,1054.0,1
2212,376,247.0,174.0,202.0,Low Scoring Game,623.0,376.0,550.0,449.0,999.0,1
2213,494,312.0,274.0,197.0,Team 2 Dominates,806.0,471.0,768.0,509.0,1277.0,3
2214,338,467.0,319.0,191.0,Team 1 Dominates,805.0,510.0,657.0,658.0,1315.0,3
2215,260,217.0,221.0,244.0,Low Scoring Game,477.0,465.0,481.0,461.0,942.0,0
2216,305,377.0,157.0,87.0,Team 1 Dominates,682.0,244.0,462.0,464.0,926.0,1
2217,356,346.0,377.0,391.0,High Scoring Games,702.0,768.0,733.0,737.0,1470.0,3
2218,600,291.0,240.0,245.0,Team 2 Dominates,891.0,485.0,840.0,536.0,1376.0,3
2222,307,278.0,352.0,256.0,High Scoring Games,585.0,608.0,659.0,534.0,1193.0,2
2224,373,221.0,291.0,203.0,Low Scoring Game,594.0,494.0,664.0,424.0,1088.0,2
2225,184,363.0,242.0,66.0,2nd Innings Higher Scoring,547.0,308.0,426.0,429.0,855.0,0
2227,287,274.0,180.0,162.0,2nd Innings Higher Scoring,561.0,342.0,467.0,436.0,903.0,0
2229,329,161.0,352.0,317.0,High Scoring Games,490.0,669.0,681.0,478.0,1159.0,2
2230,246,273.0,271.0,184.0,2nd Innings Higher Scoring,519.0,455.0,517.0,457.0,974.0,1
2231,332,292.0,423.0,345.0,High Scoring Games,624.0,768.0,755.0,637.0,1392.0,2
2232,419,422.0,138.0,114.0,Team 1 Dominates,841.0,252.0,557.0,536.0,1093.0,1
2233,482,262.0,96.0,248.0,Team 2 Dominates,744.0,344.0,578.0,510.0,1088.0,1
2234,286,209.0,130.0,135.0,2nd Innings Higher Scoring,495.0,265.0,416.0,344.0,760.0,0
2235,335,307.0,258.0,151.0,2nd Innings Higher Scoring,642.0,409.0,593.0,458.0,1051.0,1
2236,187,194.0,247.0,177.0,2nd Innings Higher Scoring,381.0,424.0,434.0,371.0,805.0,0
2238,172,294.0,352.0,75.0,2nd Innings Higher Scoring,466.0,427.0,524.0,369.0,893.0,0
2240,536,373.0,246.0,299.0,Team 2 Dominates,909.0,545.0,782.0,672.0,1454.0,3
2241,219,159.0,373.0,316.0,High Scoring Games,378.0,689.0,592.0,475.0,1067.0,2
2243,310,130.0,160.0,339.0,Low Scoring Game,440.0,499.0,470.0,469.0,939.0,0
2245,222,110.0,226.0,123.0,2nd Innings Higher Scoring,332.0,349.0,448.0,233.0,681.0,0
2247,414,185.0,223.0,226.0,Low Scoring Game,599.0,449.0,637.0,411.0,1048.0,1
2248,253,300.0,342.0,147.0,High Scoring Games,553.0,489.0,595.0,447.0,1042.0,2
2249,204,154.0,93.0,144.0,2nd Innings Higher Scoring,358.0,237.0,297.0,298.0,595.0,0
2250,342,203.0,322.0,250.0,High Scoring Games,545.0,572.0,664.0,453.0,1117.0,2
2251,290,336.0,346.0,243.0,High Scoring Games,626.0,589.0,636.0,579.0,1215.0,2
2252,336,240.0,230.0,284.0,Low Scoring Game,576.0,514.0,566.0,524.0,1090.0,2
2253,287,126.0,190.0,73.0,2nd Innings Higher Scoring,413.0,263.0,477.0,199.0,676.0,0
2254,338,124.0,275.0,290.0,Low Scoring Game,462.0,565.0,613.0,414.0,1027.0,2
2255,181,223.0,190.0,151.0,2nd Innings Higher Scoring,404.0,341.0,371.0,374.0,745.0,0
2256,177,431.0,294.0,43.0,Team 1 Dominates,608.0,337.0,471.0,474.0,945.0,1
2257,262,185.0,303.0,273.0,High Scoring Games,447.0,576.0,565.0,458.0,1023.0,2
2258,235,191.0,259.0,304.0,Low Scoring Game,426.0,563.0,494.0,495.0,989.0,2
2259,222,154.0,128.0,197.0,Low Scoring Game,376.0,325.0,350.0,351.0,701.0,0
2260,250,235.0,307.0,291.0,High Scoring Games,485.0,598.0,557.0,526.0,1083.0,2
2261,326,283.0,243.0,140.0,2nd Innings Higher Scoring,609.0,383.0,569.0,423.0,992.0,1
2262,443,151.0,106.0,261.0,Low Scoring Game,594.0,367.0,549.0,412.0,961.0,1
2265,534,215.0,196.0,149.0,Team 2 Dominates,749.0,345.0,730.0,364.0,1094.0,1
2267,354,149.0,129.0,168.0,Low Scoring Game,503.0,297.0,483.0,317.0,800.0,0
2268,85,207.0,303.0,38.0,2nd Innings Higher Scoring,292.0,341.0,388.0,245.0,633.0,0
2269,284,374.0,487.0,146.0,High Scoring Games,658.0,633.0,771.0,520.0,1291.0,2
2270,258,250.0,258.0,154.0,2nd Innings Higher Scoring,508.0,412.0,516.0,404.0,920.0,0
2271,179,67.0,246.0,362.0,Low Scoring Game,246.0,608.0,425.0,429.0,854.0,0
2272,497,301.0,186.0,197.0,Team 2 Dominates,798.0,383.0,683.0,498.0,1181.0,1
2273,294,225.0,329.0,263.0,High Scoring Games,519.0,592.0,623.0,488.0,1111.0,2
2274,324,246.0,125.0,139.0,Low Scoring Game,570.0,264.0,449.0,385.0,834.0,0
2276,282,143.0,181.0,169.0,Low Scoring Game,425.0,350.0,463.0,312.0,775.0,0
2277,522,304.0,224.0,224.0,Team 2 Dominates,826.0,448.0,746.0,528.0,1274.0,3
2279,178,104.0,585.0,236.0,High Scoring Games,282.0,821.0,763.0,340.0,1103.0,2
2282,482,202.0,181.0,362.0,Team 2 Dominates,684.0,543.0,663.0,564.0,1227.0,2
2283,282,145.0,400.0,164.0,High Scoring Games,427.0,564.0,682.0,309.0,991.0,2
2284,153,227.0,249.0,171.0,2nd Innings Higher Scoring,380.0,420.0,402.0,398.0,800.0,0
2286,274,348.0,353.0,156.0,High Scoring Games,622.0,509.0,627.0,504.0,1131.0,2
2288,311,367.0,127.0,75.0,2nd Innings Higher Scoring,678.0,202.0,438.0,442.0,880.0,1
2289,289,77.0,415.0,246.0,High Scoring Games,366.0,661.0,704.0,323.0,1027.0,2
2290,187,306.0,132.0,17.0,2nd Innings Higher Scoring,493.0,149.0,319.0,323.0,642.0,0
2291,277,154.0,361.0,252.0,High Scoring Games,431.0,613.0,638.0,406.0,1044.0,2
2292,172,314.0,288.0,149.0,2nd Innings Higher Scoring,486.0,437.0,460.0,463.0,923.0,0
2295,416,166.0,217.0,171.0,Low Scoring Game,582.0,388.0,633.0,337.0,970.0,1
2296,467,148.0,168.0,240.0,Low Scoring Game,615.0,408.0,635.0,388.0,1023.0,1
2297,454,256.0,217.0,136.0,Team 2 Dominates,710.0,353.0,671.0,392.0,1063.0,1
2298,284,181.0,272.0,268.0,Low Scoring Game,465.0,540.0,556.0,449.0,1005.0,2
2299,269,223.0,391.0,248.0,High Scoring Games,492.0,639.0,660.0,471.0,1131.0,2
2301,400,183.0,248.0,274.0,Low Scoring Game,583.0,522.0,648.0,457.0,1105.0,2
2302,502,431.0,323.0,191.0,Team 2 Dominates,933.0,514.0,825.0,622.0,1447.0,3
2309,165,348.0,191.0,9.0,2nd Innings Higher Scoring,513.0,200.0,356.0,357.0,713.0,0
2310,242,235.0,124.0,132.0,2nd Innings Higher Scoring,477.0,256.0,366.0,367.0,733.0,0
2311,297,222.0,343.0,100.0,High Scoring Games,519.0,443.0,640.0,322.0,962.0,1
2312,416,117.0,168.0,210.0,Low Scoring Game,533.0,378.0,584.0,327.0,911.0,0
2313,249,267.0,285.0,268.0,High Scoring Games,516.0,553.0,534.0,535.0,1069.0,2
2315,187,277.0,120.0,33.0,2nd Innings Higher Scoring,464.0,153.0,307.0,310.0,617.0,0
2316,342,205.0,260.0,173.0,Low Scoring Game,547.0,433.0,602.0,378.0,980.0,1
2317,326,219.0,169.0,277.0,Low Scoring Game,545.0,446.0,495.0,496.0,991.0,1
2321,191,271.0,555.0,212.0,High Scoring Games,462.0,767.0,746.0,483.0,1229.0,2
2322,358,515.0,170.0,14.0,Team 1 Dominates,873.0,184.0,528.0,529.0,1057.0,1
2323,406,293.0,247.0,204.0,Team 2 Dominates,699.0,451.0,653.0,497.0,1150.0,1
2326,244,191.0,36.0,93.0,2nd Innings Higher Scoring,435.0,129.0,280.0,284.0,564.0,0
2327,195,326.0,200.0,70.0,2nd Innings Higher Scoring,521.0,270.0,395.0,396.0,791.0,0
2328,338,244.0,312.0,334.0,High Scoring Games,582.0,646.0,650.0,578.0,1228.0,2
2329,369,336.0,294.0,329.0,Team 2 Dominates,705.0,623.0,663.0,665.0,1328.0,3
2330,204,318.0,313.0,200.0,High Scoring Games,522.0,513.0,517.0,518.0,1035.0,2
2331,469,287.0,129.0,198.0,Team 2 Dominates,756.0,327.0,598.0,485.0,1083.0,1
2332,369,197.0,226.0,129.0,Low Scoring Game,566.0,355.0,595.0,326.0,921.0,1
2335,431,239.0,180.0,271.0,Team 2 Dominates,670.0,451.0,611.0,510.0,1121.0,1
2338,157,302.0,211.0,67.0,2nd Innings Higher Scoring,459.0,278.0,368.0,369.0,737.0,0
2339,183,278.0,303.0,52.0,2nd Innings Higher Scoring,461.0,355.0,486.0,330.0,816.0,0
2340,364,391.0,298.0,120.0,Team 1 Dominates,755.0,418.0,662.0,511.0,1173.0,1
2342,191,290.0,466.0,210.0,High Scoring Games,481.0,676.0,657.0,500.0,1157.0,2
2343,135,421.0,359.0,76.0,Team 1 Dominates,556.0,435.0,494.0,497.0,991.0,1
2344,381,344.0,126.0,164.0,Team 2 Dominates,725.0,290.0,507.0,508.0,1015.0,1
2345,220,378.0,245.0,90.0,2nd Innings Higher Scoring,598.0,335.0,465.0,468.0,933.0,1
2346,272,201.0,298.0,274.0,High Scoring Games,473.0,572.0,570.0,475.0,1045.0,2
2347,578,337.0,178.0,192.0,Team 2 Dominates,915.0,370.0,756.0,529.0,1285.0,3
2348,329,134.0,286.0,164.0,Low Scoring Game,463.0,450.0,615.0,298.0,913.0,0
2349,112,145.0,81.0,49.0,2nd Innings Higher Scoring,257.0,130.0,193.0,194.0,387.0,0
2351,430,259.0,223.0,395.0,Team 2 Dominates,689.0,618.0,653.0,654.0,1307.0,3
2352,409,296.0,117.0,213.0,Team 2 Dominates,705.0,330.0,526.0,509.0,1035.0,1
2353,378,275.0,169.0,170.0,Low Scoring Game,653.0,339.0,547.0,445.0,992.0,1
2354,303,388.0,122.0,41.0,2nd Innings Higher Scoring,691.0,163.0,425.0,429.0,854.0,1
2355,217,249.0,170.0,140.0,2nd Innings Higher Scoring,466.0,310.0,387.0,389.0,776.0,0
2356,131,250.0,135.0,17.0,2nd Innings Higher Scoring,381.0,152.0,266.0,267.0,533.0,0
2357,545,287.0,108.0,365.0,Team 2 Dominates,832.0,473.0,653.0,652.0,1305.0,3
2358,169,271.0,476.0,236.0,High Scoring Games,440.0,712.0,645.0,507.0,1152.0,2
2359,354,258.0,280.0,193.0,Low Scoring Game,612.0,473.0,634.0,451.0,1085.0,1
2361,493,251.0,194.0,227.0,Team 2 Dominates,744.0,421.0,687.0,478.0,1165.0,1
2362,311,375.0,349.0,147.0,Team 1 Dominates,686.0,496.0,660.0,522.0,1182.0,2
2363,507,411.0,185.0,135.0,Team 2 Dominates,918.0,320.0,692.0,546.0,1238.0,3
2364,204,297.0,120.0,28.0,2nd Innings Higher Scoring,501.0,148.0,324.0,325.0,649.0,0
2368,298,149.0,174.0,165.0,Low Scoring Game,447.0,339.0,472.0,314.0,786.0,0
2369,217,253.0,203.0,168.0,2nd Innings Higher Scoring,470.0,371.0,420.0,421.0,841.0,0
2370,302,150.0,176.0,219.0,Low Scoring Game,452.0,395.0,478.0,369.0,847.0,0
2371,147,425.0,297.0,20.0,Team 1 Dominates,572.0,317.0,444.0,445.0,889.0,0
2372,473,236.0,230.0,192.0,Team 2 Dominates,709.0,422.0,703.0,428.0,1131.0,1
2374,416,294.0,265.0,270.0,Team 2 Dominates,710.0,535.0,681.0,564.0,1245.0,3
2375,303,188.0,155.0,124.0,Low Scoring Game,491.0,279.0,458.0,312.0,770.0,0
2376,468,276.0,284.0,256.0,Team 2 Dominates,744.0,540.0,752.0,532.0,1284.0,3
2377,132,141.0,285.0,279.0,High Scoring Games,273.0,564.0,417.0,420.0,837.0,0
2378,553,539.0,284.0,299.0,Team 2 Dominates,1092.0,583.0,837.0,838.0,1675.0,3
2379,329,360.0,326.0,296.0,High Scoring Games,689.0,622.0,655.0,656.0,1311.0,3
2382,118,158.0,169.0,130.0,2nd Innings Higher Scoring,276.0,299.0,287.0,288.0,575.0,0
2383,327,197.0,174.0,191.0,Low Scoring Game,524.0,365.0,501.0,388.0,889.0,0
2384,202,229.0,266.0,243.0,High Scoring Games,431.0,509.0,468.0,472.0,940.0,0
2385,223,210.0,198.0,212.0,Low Scoring Game,433.0,410.0,421.0,422.0,843.0,0
2386,367,298.0,204.0,53.0,2nd Innings Higher Scoring,665.0,257.0,571.0,351.0,922.0,1
2387,453,217.0,176.0,80.0,Low Scoring Game,670.0,256.0,629.0,297.0,926.0,1
2388,330,286.0,157.0,203.0,Low Scoring Game,616.0,360.0,487.0,489.0,976.0,1
2390,345,296.0,234.0,165.0,Low Scoring Game,641.0,399.0,579.0,461.0,1040.0,1
2391,325,62.0,276.0,167.0,Low Scoring Game,387.0,443.0,601.0,229.0,830.0,0
2393,252,109.0,303.0,208.0,Low Scoring Game,361.0,511.0,555.0,317.0,872.0,0
2395,556,148.0,97.0,443.0,Team 2 Dominates,704.0,540.0,653.0,591.0,1244.0,3
2396,391,268.0,227.0,235.0,Low Scoring Game,659.0,462.0,618.0,503.0,1121.0,1
2397,386,230.0,191.0,160.0,Low Scoring Game,616.0,351.0,577.0,390.0,967.0,1
2398,204,253.0,345.0,132.0,High Scoring Games,457.0,477.0,549.0,385.0,934.0,0
2399,328,458.0,169.0,42.0,Team 1 Dominates,786.0,211.0,497.0,500.0,997.0,1
2402,364,293.0,354.0,227.0,High Scoring Games,657.0,581.0,718.0,520.0,1238.0,2
2403,212,321.0,113.0,10.0,2nd Innings Higher Scoring,533.0,123.0,325.0,331.0,656.0,0
2406,365,506.0,169.0,29.0,Team 1 Dominates,871.0,198.0,534.0,535.0,1069.0,1
2407,103,265.0,245.0,88.0,2nd Innings Higher Scoring,368.0,333.0,348.0,353.0,701.0,0
2408,234,408.0,186.0,13.0,Team 1 Dominates,642.0,199.0,420.0,421.0,841.0,0
2409,598,283.0,182.0,333.0,Team 2 Dominates,881.0,515.0,780.0,616.0,1396.0,3
2410,511,214.0,199.0,77.0,Team 2 Dominates,725.0,276.0,710.0,291.0,1001.0,1
2411,152,218.0,99.0,35.0,2nd Innings Higher Scoring,370.0,134.0,251.0,253.0,504.0,0
2414,416,284.0,245.0,378.0,Team 2 Dominates,700.0,623.0,661.0,662.0,1323.0,3
2415,222,218.0,337.0,344.0,High Scoring Games,440.0,681.0,559.0,562.0,1121.0,2
2416,378,231.0,360.0,261.0,High Scoring Games,609.0,621.0,738.0,492.0,1230.0,2
2417,325,306.0,374.0,126.0,High Scoring Games,631.0,500.0,699.0,432.0,1131.0,2
2418,435,209.0,256.0,483.0,Team 2 Dominates,644.0,739.0,691.0,692.0,1383.0,2
2419,355,373.0,302.0,285.0,High Scoring Games,728.0,587.0,657.0,658.0,1315.0,3
2421,657,579.0,264.0,268.0,Team 2 Dominates,1236.0,532.0,921.0,847.0,1768.0,3
2422,281,202.0,275.0,328.0,Low Scoring Game,483.0,603.0,556.0,530.0,1086.0,2
2423,304,354.0,216.0,170.0,Team 1 Dominates,658.0,386.0,520.0,524.0,1044.0,1
2424,393,386.0,273.0,282.0,Team 2 Dominates,779.0,555.0,666.0,668.0,1334.0,3
2425,416,325.0,279.0,327.0,Team 2 Dominates,741.0,606.0,695.0,652.0,1347.0,3
2426,263,237.0,224.0,254.0,Low Scoring Game,500.0,478.0,487.0,491.0,978.0,2
2428,283,295.0,395.0,334.0,High Scoring Games,578.0,729.0,678.0,629.0,1307.0,2
2429,172,524.0,362.0,12.0,Team 1 Dominates,696.0,374.0,534.0,536.0,1070.0,1
2430,342,212.0,116.0,159.0,Low Scoring Game,554.0,275.0,458.0,371.0,829.0,0
2431,320,251.0,321.0,106.0,High Scoring Games,571.0,427.0,641.0,357.0,998.0,1
2432,438,612.0,311.0,61.0,Team 1 Dominates,1050.0,372.0,749.0,673.0,1422.0,3
2433,449,408.0,277.0,304.0,Team 2 Dominates,857.0,581.0,726.0,712.0,1438.0,3
2434,404,150.0,258.0,324.0,Low Scoring Game,554.0,582.0,662.0,474.0,1136.0,2
2435,227,314.0,231.0,145.0,2nd Innings Higher Scoring,541.0,376.0,458.0,459.0,917.0,0
2437,263,262.0,113.0,118.0,2nd Innings Higher Scoring,525.0,231.0,376.0,380.0,756.0,0
2438,109,197.0,163.0,78.0,2nd Innings Higher Scoring,306.0,241.0,272.0,275.0,547.0,0
2440,447,379.0,203.0,134.0,Team 2 Dominates,826.0,337.0,650.0,513.0,1163.0,1
2442,214,369.0,292.0,138.0,Team 1 Dominates,583.0,430.0,506.0,507.0,1013.0,1
2443,469,296.0,270.0,234.0,Team 2 Dominates,765.0,504.0,739.0,530.0,1269.0,3
2446,487,271.0,233.0,89.0,Team 2 Dominates,758.0,322.0,720.0,360.0,1080.0,1
2447,318,264.0,262.0,237.0,Low Scoring Game,582.0,499.0,580.0,501.0,1081.0,2
2448,313,299.0,115.0,130.0,2nd Innings Higher Scoring,612.0,245.0,428.0,429.0,857.0,0
2449,188,283.0,120.0,26.0,2nd Innings Higher Scoring,471.0,146.0,308.0,309.0,617.0,0
2450,311,289.0,193.0,207.0,Low Scoring Game,600.0,400.0,504.0,496.0,1000.0,1
2451,382,146.0,425.0,115.0,High Scoring Games,528.0,540.0,807.0,261.0,1068.0,2
2453,438,255.0,181.0,76.0,Low Scoring Game,693.0,257.0,619.0,331.0,950.0,1
2454,312,461.0,279.0,133.0,Team 1 Dominates,773.0,412.0,591.0,594.0,1185.0,1
2457,55,153.0,176.0,80.0,2nd Innings Higher Scoring,208.0,256.0,231.0,233.0,464.0,0
2458,511,162.0,179.0,247.0,Team 2 Dominates,673.0,426.0,690.0,409.0,1099.0,1
2459,242,211.0,235.0,269.0,Low Scoring Game,453.0,504.0,477.0,480.0,957.0,2
2460,383,179.0,164.0,196.0,Low Scoring Game,562.0,360.0,547.0,375.0,922.0,1
2461,162,256.0,372.0,281.0,High Scoring Games,418.0,653.0,534.0,537.0,1071.0,2
2462,246,436.0,420.0,202.0,Team 1 Dominates,682.0,622.0,666.0,638.0,1304.0,2
2463,396,253.0,255.0,292.0,Low Scoring Game,649.0,547.0,651.0,545.0,1196.0,2
2464,445,319.0,430.0,122.0,Team 1 Dominates,764.0,552.0,875.0,441.0,1316.0,3
2465,353,307.0,145.0,192.0,Low Scoring Game,660.0,337.0,498.0,499.0,997.0,1
2467,310,317.0,338.0,181.0,High Scoring Games,627.0,519.0,648.0,498.0,1146.0,2
2468,172,180.0,144.0,139.0,2nd Innings Higher Scoring,352.0,283.0,316.0,319.0,635.0,0
2469,198,439.0,296.0,56.0,Team 1 Dominates,637.0,352.0,494.0,495.0,989.0,1
2470,155,263.0,218.0,111.0,2nd Innings Higher Scoring,418.0,329.0,373.0,374.0,747.0,0
2471,280,188.0,418.0,182.0,High Scoring Games,468.0,600.0,698.0,370.0,1068.0,2
2472,531,178.0,157.0,318.0,Team 2 Dominates,709.0,475.0,688.0,496.0,1184.0,1
